database,operation,concurrency,queries_per_thread,total_queries,data_size,total_duration,overall_queries_per_second,avg_thread_duration,max_thread_duration,overall_avg_latency_ms,overall_p50_latency_ms,overall_p95_latency_ms,overall_p99_latency_ms,iteration
mongodb,concurrent_query,1,100,100,5000,0.3860304355621338,259.04693202332857,0.38513922691345215,0.38513922691345215,3.850109577178955,1.6164779663085938,20.303344726562496,25.800058841705347,1
mongodb,concurrent_query,1,100,100,5000,0.31444382667541504,318.0218262107117,0.3134491443634033,0.3134491443634033,3.1328845024108887,2.6100873947143555,4.746627807617187,13.763895034790336,2
mongodb,concurrent_query,1,100,100,5000,0.20606374740600586,485.2867195653331,0.20484185218811035,0.20484185218811035,2.047131061553955,1.9216537475585938,4.12226915359497,5.421864986419685,3
mongodb,concurrent_query,1,100,100,5000,0.24059391021728516,415.6381178130735,0.23961353302001953,0.23961353302001953,2.394576072692871,2.5042295455932617,4.271221160888672,5.576324462890629,4
mongodb,concurrent_query,1,100,100,5000,0.2981421947479248,335.4104241586759,0.29718017578125,0.29718017578125,2.970271110534668,3.355264663696289,5.314445495605468,6.4540934562683105,5
mongodb,concurrent_query,1,100,100,5000,0.21641969680786133,462.0651515318432,0.2154245376586914,0.2154245376586914,2.153012752532959,2.022862434387207,4.147160053253173,5.8739495277404785,6
mongodb,concurrent_query,1,100,100,5000,0.2308516502380371,433.1786231412572,0.22994136810302734,0.22994136810302734,2.297990322113037,1.9472837448120117,4.653477668762207,5.564734935760521,7
mongodb,concurrent_query,1,100,100,5000,0.2944650650024414,339.598858693716,0.29341936111450195,0.29341936111450195,2.932417392730713,3.27908992767334,5.161428451538085,5.873720645904544,8
mongodb,concurrent_query,1,100,100,5000,0.2783634662628174,359.2425448014245,0.27739477157592773,0.27739477157592773,2.7723026275634766,3.071308135986328,5.0446391105651855,5.674109458923343,9
mongodb,concurrent_query,1,100,100,5000,0.2860231399536133,349.62206210384875,0.28497743606567383,0.28497743606567383,2.8483009338378906,1.7242431640625,4.914915561676024,12.233073711395559,10
mongodb,concurrent_query,1,100,100,5000,0.26923274993896484,371.4258388798169,0.2679903507232666,0.2679903507232666,2.6783299446105957,2.7437210083007812,4.570412635803223,5.6018161773681765,11
mongodb,concurrent_query,1,100,100,5000,0.24885296821594238,401.84371003051456,0.24780011177062988,0.24780011177062988,2.4764442443847656,2.5452375411987305,3.9635777473449703,5.546402931213385,12
mongodb,concurrent_query,1,100,100,5000,0.20006704330444336,499.83244790512214,0.19872760772705078,0.19872760772705078,1.9860196113586426,1.6283988952636719,4.285681247711182,5.210425853729284,13
mongodb,concurrent_query,1,100,100,5000,0.26953554153442383,371.0085854752794,0.2680544853210449,0.2680544853210449,2.6788687705993652,2.6307106018066406,4.886806011199951,5.590200424194336,14
mongodb,concurrent_query,1,100,100,5000,0.2597174644470215,385.0337912889894,0.25842714309692383,0.25842714309692383,2.582824230194092,2.6863813400268555,4.536104202270508,5.705783367156982,15
mongodb,concurrent_query,1,100,100,5000,0.2926959991455078,341.6514072345999,0.29155445098876953,0.29155445098876953,2.913684844970703,2.3251771926879883,6.0042619705200195,7.108733654022227,16
mongodb,concurrent_query,1,100,100,5000,0.27831411361694336,359.3062482545698,0.2773716449737549,0.2773716449737549,2.771732807159424,2.842068672180176,5.062377452850342,5.921614170074463,17
mongodb,concurrent_query,1,100,100,5000,0.3371448516845703,296.60841475212294,0.3362274169921875,0.3362274169921875,3.3605575561523438,2.5527477264404297,5.884528160095213,7.823162078857749,18
mongodb,concurrent_query,1,100,100,5000,0.2289719581604004,436.73470237760546,0.22804832458496094,0.22804832458496094,2.279038429260254,2.432107925415039,4.043209552764893,4.317204952239999,19
mongodb,concurrent_query,1,100,100,5000,0.19224119186401367,520.1798794024194,0.19123554229736328,0.19123554229736328,1.9111084938049316,1.5833377838134766,4.710912704467773,7.170429229736341,20
mongodb,concurrent_query,1,100,100,5000,0.25266504287719727,395.7809076446043,0.25144147872924805,0.25144147872924805,2.5128960609436035,2.489328384399414,4.566454887390137,6.588318347930921,21
mongodb,concurrent_query,1,100,100,5000,0.2376723289489746,420.7473391716071,0.23598551750183105,0.23598551750183105,2.358376979827881,2.353668212890625,4.413747787475585,5.245954990386967,22
mongodb,concurrent_query,1,100,100,5000,0.20462822914123535,488.6911274151698,0.20342016220092773,0.20342016220092773,2.032654285430908,1.6298294067382812,4.027163982391357,6.6051650047302415,23
mongodb,concurrent_query,1,100,100,5000,0.24672842025756836,405.3039365939543,0.24506926536560059,0.24506926536560059,2.4489331245422363,2.5758743286132812,4.250729084014891,5.823032855987562,24
mongodb,concurrent_query,1,100,100,5000,0.23984909057617188,416.9288270377734,0.23894524574279785,0.23894524574279785,2.3879504203796387,2.5469064712524414,4.1544318199157715,4.556500911712648,25
mongodb,concurrent_query,1,100,100,5000,0.23525714874267578,425.0667855767477,0.23436689376831055,0.23436689376831055,2.3419547080993652,1.7663240432739258,5.389535427093506,7.2631835937500275,26
mongodb,concurrent_query,1,100,100,5000,0.28942322731018066,345.51477063320834,0.2884547710418701,0.2884547710418701,2.8829383850097656,3.0541419982910156,5.009424686431885,5.577943325042727,27
mongodb,concurrent_query,1,100,100,5000,0.23447465896606445,426.4853201661891,0.23343801498413086,0.23343801498413086,2.332632541656494,2.3713111877441406,3.9227247238159175,5.264592170715346,28
mongodb,concurrent_query,1,100,100,5000,0.2284226417541504,437.784972768283,0.22715234756469727,0.22715234756469727,2.2701215744018555,2.248525619506836,4.055345058441162,5.175385475158693,29
mongodb,concurrent_query,1,100,100,5000,0.2272202968597412,440.10152870158475,0.22571206092834473,0.22571206092834473,2.25555419921875,2.290010452270508,4.536688327789306,5.871362686157232,30
mongodb,concurrent_query,5,100,500,5000,0.4575808048248291,1092.7031788219565,0.4447029113769531,0.45357680320739746,4.445528507232666,3.9986371994018555,8.737156391143799,10.14107704162598,1
mongodb,concurrent_query,5,100,500,5000,0.49696993827819824,1006.0970724553274,0.4797674655914307,0.49356508255004883,4.796353816986084,3.8881778717041016,8.19425344467163,10.757912158966382,2
mongodb,concurrent_query,5,100,500,5000,0.4494664669036865,1112.430040542139,0.4331211566925049,0.44724345207214355,4.329886436462402,3.967738151550293,8.352749347686768,9.910679340362552,3
mongodb,concurrent_query,5,100,500,5000,0.47932863235473633,1043.1256683827005,0.4673022747039795,0.4761841297149658,4.6714935302734375,4.355788230895996,8.640990257263184,10.315107345581058,4
mongodb,concurrent_query,5,100,500,5000,0.5077860355377197,984.6667001594979,0.4939873218536377,0.5059037208557129,4.938528060913086,3.9628028869628906,8.351802825927734,10.439517498016674,5
mongodb,concurrent_query,5,100,500,5000,0.5585305690765381,895.206149283268,0.551621675491333,0.5574724674224854,5.514737606048584,4.276299476623535,9.580905437469482,13.090608119964926,6
mongodb,concurrent_query,5,100,500,5000,0.4733693599700928,1056.2576336406516,0.46039433479309083,0.4705665111541748,4.602436065673828,4.342174530029297,8.31247091293335,9.448810577392585,7
mongodb,concurrent_query,5,100,500,5000,0.5232460498809814,955.5733867723052,0.5125391960144043,0.5209002494812012,5.123964786529541,4.115605354309082,8.698647022247314,11.816519737243969,8
mongodb,concurrent_query,5,100,500,5000,0.5428416728973389,921.0788798349294,0.5249319553375245,0.539365291595459,5.247779846191406,3.9803028106689453,9.036216735839844,12.155385494232501,9
mongodb,concurrent_query,5,100,500,5000,0.45073556900024414,1109.29785530134,0.44188556671142576,0.44807863235473633,4.417263984680176,4.1358232498168945,8.434274196624756,9.414155483245853,10
mongodb,concurrent_query,5,100,500,5000,0.4881479740142822,1024.2795763101353,0.47860965728759763,0.48688411712646484,4.784523963928223,4.248762130737305,9.48282480239868,11.434607505798356,11
mongodb,concurrent_query,5,100,500,5000,0.5118515491485596,976.8457296490085,0.49025588035583495,0.5085396766662598,4.901129245758057,3.8916826248168945,8.488416671752928,11.885913848877248,12
mongodb,concurrent_query,5,100,500,5000,0.47173213958740234,1059.9235414345987,0.4626598834991455,0.47051572799682617,4.625034809112549,3.9429426193237305,10.001912117004395,11.291977405548105,13
mongodb,concurrent_query,5,100,500,5000,0.46813082695007324,1068.077492904191,0.4570643901824951,0.46533989906311035,4.569056987762451,4.0686845779418945,8.93277883529663,11.106378555297855,14
mongodb,concurrent_query,5,100,500,5000,0.5257117748260498,951.0914990736941,0.4980341911315918,0.5240452289581299,4.978853702545166,4.100298881530762,8.031699657440186,10.323046684265455,15
mongodb,concurrent_query,5,100,500,5000,0.5005230903625488,998.95491262517,0.484470796585083,0.498368501663208,4.843348979949951,3.762030601501465,8.281736373901365,12.97649288177523,16
mongodb,concurrent_query,5,100,500,5000,0.48130321502685547,1038.8461668017349,0.4650298595428467,0.4790198802947998,4.648700714111328,4.25870418548584,8.805980682373047,10.079417705535894,17
mongodb,concurrent_query,5,100,500,5000,0.4468095302581787,1119.0450653796179,0.4266469478607178,0.44383692741394043,4.264949321746826,3.9993762969970703,7.858700752258299,9.84011316299439,18
mongodb,concurrent_query,5,100,500,5000,0.5108473300933838,978.7660041378685,0.4878837585449219,0.5076196193695068,4.877414703369141,3.7095069885253906,8.472609519958496,11.725937366485896,19
mongodb,concurrent_query,5,100,500,5000,0.4459977149963379,1121.0819768529655,0.4348575592041016,0.4436156749725342,4.347095489501953,4.109501838684082,7.936060428619383,9.549736976623539,20
mongodb,concurrent_query,5,100,500,5000,0.493211030960083,1013.764836173071,0.48301944732666013,0.4909782409667969,4.828711032867432,4.173779487609863,9.621596336364746,12.008342742919933,21
mongodb,concurrent_query,5,100,500,5000,0.5352482795715332,934.1459264479104,0.5138575553894043,0.533318042755127,5.137187480926514,4.058647155761719,8.803873062133787,11.700314044952734,22
mongodb,concurrent_query,5,100,500,5000,0.4750993251800537,1052.4115137619053,0.45173258781433107,0.4707014560699463,4.515707015991211,4.050445556640625,8.986144065856934,10.207042217254642,23
mongodb,concurrent_query,5,100,500,5000,0.4365990161895752,1145.2155901856077,0.41996045112609864,0.4336843490600586,4.1981611251831055,3.847789764404297,8.105394840240479,10.16049575805665,24
mongodb,concurrent_query,5,100,500,5000,0.5006115436553955,998.7784068043455,0.47394461631774903,0.49880337715148926,4.738100528717041,3.8355588912963867,8.412590026855467,11.902834892273258,25
mongodb,concurrent_query,5,100,500,5000,0.43972086906433105,1137.0849899936184,0.43012113571166993,0.43860769271850586,4.299787998199463,3.847837448120117,8.46276044845581,9.473065376281744,26
mongodb,concurrent_query,5,100,500,5000,0.5010411739349365,997.9219792921216,0.49052906036376953,0.4989011287689209,4.903960227966309,3.9113521575927734,8.1891393661499,14.424599170685122,27
mongodb,concurrent_query,5,100,500,5000,0.49631166458129883,1007.4314904966272,0.4793087005615234,0.49279260635375977,4.791604995727539,3.927326202392578,7.747688293457031,10.683348178863845,28
mongodb,concurrent_query,5,100,500,5000,0.5666172504425049,882.429893564872,0.532792043685913,0.5639266967773438,5.326158046722412,4.33201789855957,9.648599624633789,13.434043884277608,29
mongodb,concurrent_query,5,100,500,5000,0.4384574890136719,1140.3614090952592,0.40987091064453124,0.43728208541870117,4.097214221954346,3.728032112121582,8.14990758895874,10.046606540679937,30
mongodb,concurrent_query,10,100,1000,5000,1.1884915828704834,841.4026774886934,1.1489890098571778,1.184187650680542,11.488013505935669,9.091663360595703,20.86538195610046,60.27061533927929,1
mongodb,concurrent_query,10,100,1000,5000,1.1454052925109863,873.0534130916881,1.0918424367904662,1.1411302089691162,10.916690111160278,9.521770477294922,18.707406520843506,23.079534292221343,2
mongodb,concurrent_query,10,100,1000,5000,1.134917974472046,881.1209466174781,1.1038757801055907,1.1294021606445312,11.036947965621948,9.442055225372314,18.887183666229248,23.249069213867482,3
mongodb,concurrent_query,10,100,1000,5000,1.237884283065796,807.8299512159232,1.2003093242645264,1.228334903717041,12.001318454742432,9.70151424407959,20.25494933128357,77.34808254241946,4
mongodb,concurrent_query,10,100,1000,5000,1.2496790885925293,800.2054360421968,1.22122802734375,1.2447943687438965,12.210536479949951,9.649503231048584,21.107691526412964,77.83976864814761,5
mongodb,concurrent_query,10,100,1000,5000,1.1272282600402832,887.1317686484044,1.1000888109207154,1.1243116855621338,10.99918246269226,9.269905090332031,18.76721501350403,22.397524833679533,6
mongodb,concurrent_query,10,100,1000,5000,1.2276513576507568,814.5635108599625,1.1995690584182739,1.2208948135375977,11.99399733543396,9.477055072784424,20.099151134490967,80.41411447525027,7
mongodb,concurrent_query,10,100,1000,5000,1.2030863761901855,831.1955149610294,1.1494524717330932,1.1990153789520264,11.492939233779907,9.252774715423584,20.28785467147827,55.762752294540554,8
mongodb,concurrent_query,10,100,1000,5000,1.1170799732208252,895.191055226553,1.0908896923065186,1.1147234439849854,10.907238721847534,9.044218063354492,19.71867799758911,24.120492219925225,9
mongodb,concurrent_query,10,100,1000,5000,1.1982295513153076,834.5646282069164,1.167380976676941,1.1951675415039062,11.672084331512451,9.455680847167969,19.97995615005493,77.31514191627502,10
mongodb,concurrent_query,10,100,1000,5000,1.1863956451416016,842.8891357576127,1.1486766338348389,1.1796600818634033,11.485009908676147,9.779143333435059,19.188110828399658,24.252984762192078,11
mongodb,concurrent_query,10,100,1000,5000,1.0859434604644775,920.8582549705507,1.046377420425415,1.078087329864502,10.462112188339233,8.582103252410889,18.03139567375183,22.689561605453804,12
mongodb,concurrent_query,10,100,1000,5000,1.1147246360778809,897.0825328831563,1.080156636238098,1.111558437347412,10.79996657371521,8.750593662261963,19.62268829345703,24.874009847641293,13
mongodb,concurrent_query,10,100,1000,5000,1.1546297073364258,866.0785303254187,1.1312192916870116,1.150071382522583,11.310462474822998,9.74818468093872,19.167141914367676,23.943688631058027,14
mongodb,concurrent_query,10,100,1000,5000,1.1819608211517334,846.0517320917405,1.146759819984436,1.1786730289459229,11.465900182723999,8.995652198791504,19.970967769622803,78.49090361595157,15
mongodb,concurrent_query,10,100,1000,5000,1.223402500152588,817.3924770263882,1.160970115661621,1.2208328247070312,11.608008861541748,9.191513061523438,20.100934505462646,55.311243295669684,16
mongodb,concurrent_query,10,100,1000,5000,1.1713917255401611,853.6853882409596,1.1455663442611694,1.1685194969177246,11.453981876373291,9.727311134338379,20.19284963607788,24.626236677170105,17
mongodb,concurrent_query,10,100,1000,5000,1.1221017837524414,891.1847521139138,1.080212903022766,1.1186959743499756,10.800364017486572,8.932554721832275,19.568389654159546,25.474447488785096,18
mongodb,concurrent_query,10,100,1000,5000,1.135885238647461,880.3706272217568,1.0971883296966554,1.1322803497314453,10.970251321792603,9.131062030792236,19.732258319854736,25.04718303680449,19
mongodb,concurrent_query,10,100,1000,5000,1.158625602722168,863.0915782031053,1.1347394227981566,1.1547341346740723,11.345807790756226,9.463071823120117,19.751731157302856,24.859515666961972,20
mongodb,concurrent_query,10,100,1000,5000,1.2291746139526367,813.5540619280416,1.189296579360962,1.2231981754302979,11.891216516494751,9.453487396240234,20.63786506652832,78.1425693035126,21
mongodb,concurrent_query,10,100,1000,5000,1.12449049949646,889.2916395894798,1.0864638566970826,1.1161699295043945,10.862886667251587,9.062540531158447,19.284756183624268,25.757801532745635,22
mongodb,concurrent_query,10,100,1000,5000,1.155379295349121,865.516635121828,1.1145462274551392,1.1431927680969238,11.143615961074829,9.312570095062256,19.546287059783936,24.03200888633757,23
mongodb,concurrent_query,10,100,1000,5000,1.2162351608276367,822.2094149288607,1.1871946573257446,1.211683988571167,11.870222806930542,9.368276596069336,20.40026545524597,79.00843572616579,24
mongodb,concurrent_query,10,100,1000,5000,1.1312096118927002,884.0094616300468,1.098313307762146,1.1252079010009766,10.981462240219116,9.152543544769287,19.954352378845215,24.66449451446561,25
mongodb,concurrent_query,10,100,1000,5000,1.190502405166626,839.9815033217319,1.1633265733718872,1.1856231689453125,11.631626605987549,9.276783466339111,19.765634536743164,77.5459592342377,26
mongodb,concurrent_query,10,100,1000,5000,1.2116553783416748,825.317180012558,1.1509841442108155,1.2038569450378418,11.50822925567627,9.623420238494873,19.814846515655518,53.85490655899063,27
mongodb,concurrent_query,10,100,1000,5000,1.153242826461792,867.1200696457407,1.1163164138793946,1.1474435329437256,11.161358833312988,9.186720848083496,19.693676233291626,24.58545017242463,28
mongodb,concurrent_query,10,100,1000,5000,1.216486930847168,822.0392464912012,1.1771032333374023,1.2064340114593506,11.769322633743286,9.339964389801025,20.059325695037842,79.21211838722232,29
mongodb,concurrent_query,10,100,1000,5000,1.1403987407684326,876.8862716615874,1.1057304620742798,1.1338181495666504,11.055502653121948,9.187710285186768,19.11784529685974,23.614186763763733,30
mongodb,concurrent_query,20,100,2000,5000,2.42965030670166,823.1637262709932,2.343623149394989,2.406456232070923,23.43449902534485,18.526911735534668,43.9489436149597,96.95307672023776,1
mongodb,concurrent_query,20,100,2000,5000,2.403136968612671,832.2455299560385,2.3301949977874754,2.3940460681915283,23.300279021263123,18.614894151687622,43.18658053874969,99.1507790088654,2
mongodb,concurrent_query,20,100,2000,5000,2.4754621982574463,807.9299297754825,2.3998478174209597,2.4698965549468994,23.996606826782227,19.132566452026367,45.51231682300567,100.08893918991092,3
mongodb,concurrent_query,20,100,2000,5000,2.471287965774536,809.2945976747684,2.387916827201843,2.457491874694824,23.87740397453308,19.035667181015015,44.89756286144255,96.80524921417239,4
mongodb,concurrent_query,20,100,2000,5000,2.5356838703155518,788.7418551710514,2.4402118802070616,2.5292983055114746,24.40036952495575,19.14520263671875,48.29872548580164,96.60450160503392,5
mongodb,concurrent_query,20,100,2000,5000,2.4943315982818604,801.818010635649,2.4253368735313416,2.4832751750946045,24.25163197517395,19.425642490386963,47.23411023616789,100.69218611717227,6
mongodb,concurrent_query,20,100,2000,5000,2.419194459915161,826.7214699516707,2.326319134235382,2.4083826541900635,23.26141667366028,18.604886531829834,42.292861938476555,97.22729682922366,7
mongodb,concurrent_query,20,100,2000,5000,2.495163679122925,801.5506224036653,2.41449613571167,2.492382287979126,24.143279790878296,18.93962025642395,44.647318124771104,101.10508501529696,8
mongodb,concurrent_query,20,100,2000,5000,2.446744918823242,817.4125486533744,2.371849226951599,2.441070079803467,23.716731071472168,19.08508539199829,43.96727621555328,98.18568050861363,9
mongodb,concurrent_query,20,100,2000,5000,2.376891613006592,841.4350865036492,2.325499927997589,2.3663549423217773,23.253307819366455,18.35693120956421,42.38228797912596,95.25452864170079,10
mongodb,concurrent_query,20,100,2000,5000,2.4178006649017334,827.1980519458108,2.343556451797485,2.414015054702759,23.433831095695496,18.826287984848022,43.3494335412979,97.87839913368228,11
mongodb,concurrent_query,20,100,2000,5000,2.562549591064453,780.4727006938521,2.463261806964874,2.548542022705078,24.630967020988464,19.566965103149414,46.54232382774347,99.60499823093417,12
mongodb,concurrent_query,20,100,2000,5000,2.6524124145507812,754.030553102627,2.531152367591858,2.6356310844421387,25.30958342552185,20.429575443267822,46.98296427726744,111.06157195568089,13
mongodb,concurrent_query,20,100,2000,5000,2.611790895462036,765.7580870945612,2.5259816646575928,2.6043341159820557,25.257850646972656,20.748841762542725,47.86594688892363,99.84101784229281,14
mongodb,concurrent_query,20,100,2000,5000,2.4495246410369873,816.4849483421875,2.3655548334121703,2.440809965133667,23.653781533241272,18.910855054855347,43.0991905927658,97.72587633132939,15
mongodb,concurrent_query,20,100,2000,5000,2.4622764587402344,812.2564762785624,2.385800325870514,2.4484915733337402,23.856232404708862,19.117897748947144,44.56557691097259,95.76648044586186,16
mongodb,concurrent_query,20,100,2000,5000,2.491101026535034,802.857844260887,2.4102856159210204,2.482142448425293,24.101074934005737,19.345402717590332,43.88181686401366,100.32457888126376,17
mongodb,concurrent_query,20,100,2000,5000,2.4254655838012695,824.5839534303077,2.3383179545402526,2.4098901748657227,23.381394386291504,18.457263708114624,45.600019097328186,96.15230131149295,18
mongodb,concurrent_query,20,100,2000,5000,2.562142848968506,780.5966013195481,2.493555223941803,2.5590624809265137,24.93387258052826,19.30379867553711,50.94072878360738,102.93847131729129,19
mongodb,concurrent_query,20,100,2000,5000,2.5049173831939697,798.4295264260733,2.4322118759155273,2.491925001144409,24.320342421531677,19.432705640792847,44.50668156147002,100.34619140625003,20
mongodb,concurrent_query,20,100,2000,5000,2.4971673488616943,800.9074765900962,2.4100282430648803,2.4896745681762695,24.09848165512085,19.071006774902344,45.67670643329619,100.11606502532968,21
mongodb,concurrent_query,20,100,2000,5000,2.5831336975097656,774.2533814366916,2.4926906704902647,2.5590951442718506,24.925151586532593,19.433683156967163,47.65715777873986,100.63238906860356,22
mongodb,concurrent_query,20,100,2000,5000,2.559892416000366,781.2828334109623,2.4754121780395506,2.549394130706787,24.75239861011505,19.436031579971313,50.28567552566521,100.21938085556033,23
mongodb,concurrent_query,20,100,2000,5000,2.556438684463501,782.3383412850067,2.4748170375823975,2.5402514934539795,24.746318697929382,19.412779808044434,46.83606326580046,105.22679853439335,24
mongodb,concurrent_query,20,100,2000,5000,2.5506649017333984,784.1092723081053,2.4407861948013307,2.5391845703125,24.406097292900085,19.069933891296387,48.27333569526669,97.33455598354344,25
mongodb,concurrent_query,20,100,2000,5000,2.467474937438965,810.5452135111998,2.3943800806999205,2.4516184329986572,23.941994071006775,19.02797222137451,45.4375386238098,97.78413498401648,26
mongodb,concurrent_query,20,100,2000,5000,2.4985718727111816,800.4572619437258,2.417349672317505,2.477039098739624,24.17169439792633,19.362938404083252,46.01558387279509,98.7232350111008,27
mongodb,concurrent_query,20,100,2000,5000,2.4471328258514404,817.2829765806163,2.3777074098587034,2.4398980140686035,23.775335907936096,18.718212842941284,43.85136783123016,100.59460198879246,28
mongodb,concurrent_query,20,100,2000,5000,2.4232351779937744,825.3429209689107,2.3540115356445312,2.4103972911834717,23.538399577140808,19.190597534179688,43.07423353195189,99.25977241992953,29
mongodb,concurrent_query,20,100,2000,5000,2.4174184799194336,827.3288289194575,2.3414531469345095,2.406481981277466,23.412896871566772,18.563538789749146,43.41728806495665,96.00556838512425,30
mongodb,concurrent_query,50,100,5000,5000,7.338155269622803,681.3701558889215,7.039843678474426,7.275198459625244,70.39445419311524,57.10114002227783,159.51650404930115,196.11604747772228,1
mongodb,concurrent_query,50,100,5000,5000,7.3791584968566895,677.5840364629458,7.084944620132446,7.372356414794922,70.84393768310547,58.61276865005493,157.69983649253845,189.84375891685494,2
mongodb,concurrent_query,50,100,5000,5000,7.616755723953247,656.4474667706556,7.2042211198806765,7.543897867202759,72.04013810157775,57.61619806289673,165.97079396247864,204.6541243076326,3
mongodb,concurrent_query,50,100,5000,5000,7.08443546295166,705.7725384256375,6.744298033714294,7.051445245742798,67.44105353355408,53.847129344940186,157.14057421684265,186.8993222236634,4
mongodb,concurrent_query,50,100,5000,5000,7.010160684585571,713.2504125040026,6.663910264968872,6.976147413253784,66.63717679977417,53.76413583755493,151.24725079536438,182.34931921958932,5
mongodb,concurrent_query,50,100,5000,5000,7.506654500961304,666.0756798330999,7.19551203250885,7.479372262954712,71.95203075408935,57.723283767700195,162.94636821746826,203.0514897346498,6
mongodb,concurrent_query,50,100,5000,5000,7.2435925006866455,690.2652239929334,6.93587278842926,7.177592992782593,69.3567677974701,56.72611951828003,153.98900294303894,195.580038404465,7
mongodb,concurrent_query,50,100,5000,5000,6.866858959197998,728.1349492845803,6.579472503662109,6.782065153121948,65.79283833503723,53.075573444366455,150.28845357894897,179.0221544265748,8
mongodb,concurrent_query,50,100,5000,5000,6.709081649780273,745.2584811162275,6.364544348716736,6.650268316268921,63.64368324279785,51.749980449676514,144.13826966285706,173.2473751068116,9
mongodb,concurrent_query,50,100,5000,5000,6.857385873794556,729.1408259680207,6.535938725471497,6.8445048332214355,65.35754566192627,52.86424398422241,146.517831325531,172.30142011642462,10
mongodb,concurrent_query,50,100,5000,5000,6.938278913497925,720.6398102954406,6.567937064170837,6.9119181632995605,65.67748508453369,52.90771722793579,150.29816126823425,178.38037338256842,11
mongodb,concurrent_query,50,100,5000,5000,7.179104566574097,696.4656878352204,6.904595112800598,7.144538402557373,69.04400858879089,56.77825689315796,154.31520557403564,184.75857987403876,12
mongodb,concurrent_query,50,100,5000,5000,6.857635259628296,729.1143099189873,6.522220096588135,6.808381795883179,65.22037434577942,53.843772411346436,148.19455981254578,177.99344191551216,13
mongodb,concurrent_query,50,100,5000,5000,6.847523927688599,730.1909497215535,6.541442909240723,6.806172609329224,65.4126127243042,53.09329271316528,149.2472186088562,176.49915142059334,14
mongodb,concurrent_query,50,100,5000,5000,6.7795398235321045,737.5131838070723,6.464612913131714,6.720924615859985,64.64428262710571,52.294230461120605,147.30096292495728,177.9052617549897,15
mongodb,concurrent_query,50,100,5000,5000,6.887939691543579,725.9064718784589,6.579537420272827,6.83710241317749,65.79356665611267,53.53365421295166,147.89694499969482,182.41674923896798,16
mongodb,concurrent_query,50,100,5000,5000,6.543852806091309,764.0758660319771,6.234261064529419,6.507815837860107,62.34081039428711,50.358710289001465,140.8815712928772,169.259190273285,17
mongodb,concurrent_query,50,100,5000,5000,6.675845384597778,748.9688139775951,6.426724495887757,6.615761756896973,64.26544761657715,51.55964374542236,144.29410529136658,174.9471725940705,18
mongodb,concurrent_query,50,100,5000,5000,6.4925031661987305,770.1189929380396,6.223555240631104,6.46352481842041,62.233811950683595,50.33616065979004,141.79654717445374,170.86730318069465,19
mongodb,concurrent_query,50,100,5000,5000,6.673172235488892,749.2688370021801,6.383821439743042,6.62384557723999,63.836433029174806,51.39359474182129,145.5623824596405,172.84145231246956,20
mongodb,concurrent_query,50,100,5000,5000,6.795634508132935,735.7664680194409,6.4037540245056155,6.617044687271118,64.03574242591858,51.81293725967407,145.8394751548767,175.44312353134163,21
mongodb,concurrent_query,50,100,5000,5000,6.717259407043457,744.3511850617522,6.472567167282104,6.693092346191406,64.72390131950378,52.06327676773071,147.61266541481018,175.56629710197456,22
mongodb,concurrent_query,50,100,5000,5000,6.5220067501068115,766.6352077783597,6.224595460891724,6.489760160446167,62.24418206214905,49.76257562637329,142.4895920753479,165.97582268714913,23
mongodb,concurrent_query,50,100,5000,5000,6.7410290241241455,741.7265201064231,6.436909880638122,6.702167987823486,64.36734390258789,51.6704535484314,146.31179118156433,175.24638929367072,24
mongodb,concurrent_query,50,100,5000,5000,6.647079706192017,752.2100262077952,6.3012269020080565,6.587478399276733,63.01048321723938,50.86636304855347,144.0772967338562,173.44004831314095,25
mongodb,concurrent_query,50,100,5000,5000,6.740767955780029,741.7552469986202,6.417377686500549,6.655786037445068,64.17190327644349,51.68290615081787,145.32017755508423,174.1288524150849,26
mongodb,concurrent_query,50,100,5000,5000,6.67723822593689,748.8125825102557,6.386781225204468,6.633328914642334,63.865992593765256,51.30831718444824,144.79934358596802,177.7581489562989,27
mongodb,concurrent_query,50,100,5000,5000,6.672276258468628,749.369451490242,6.390583605766296,6.645214080810547,63.90399293899536,51.578238010406494,146.9301998615265,174.51055259704597,28
mongodb,concurrent_query,50,100,5000,5000,6.579798936843872,759.9016395474156,6.220352277755738,6.529815673828125,62.20173163414002,50.02363681793213,142.133935213089,171.00521039962777,29
mongodb,concurrent_query,50,100,5000,5000,6.817016363143921,733.458705927774,6.454000172615051,6.749712705612183,64.53821873664856,52.11867809295654,147.4120955467224,178.38699665069586,30
postgresql,concurrent_query,1,100,100,5000,0.15830779075622559,631.6808510958733,0.15707135200500488,0.15707135200500488,1.5347814559936523,0.5272626876831055,4.595899581909179,5.787322521209718,1
postgresql,concurrent_query,1,100,100,5000,0.16645216941833496,600.7731851705433,0.1649792194366455,0.1649792194366455,1.612706184387207,0.5539655685424805,4.538667201995849,5.169496536254884,2
postgresql,concurrent_query,1,100,100,5000,0.1696939468383789,589.2962115805033,0.16860747337341309,0.16860747337341309,1.6388130187988281,0.5360841751098633,4.502522945404053,5.0267863273620685,3
postgresql,concurrent_query,1,100,100,5000,0.1564488410949707,639.1865820169036,0.1550612449645996,0.1550612449645996,1.5111279487609863,0.5247592926025391,4.454278945922852,5.659019947052006,4
postgresql,concurrent_query,1,100,100,5000,0.18021416664123535,554.8953329461431,0.17911505699157715,0.17911505699157715,1.7547941207885742,0.5723237991333008,4.9149394035339355,6.127696037292481,5
postgresql,concurrent_query,1,100,100,5000,0.15311408042907715,653.1077985758486,0.15171384811401367,0.15171384811401367,1.4778995513916016,0.5279779434204102,4.5873284339904785,4.888973236083986,6
postgresql,concurrent_query,1,100,100,5000,0.16451191902160645,607.8586925173873,0.16344618797302246,0.16344618797302246,1.579587459564209,0.5267858505249023,4.696309566497802,5.175023078918457,7
postgresql,concurrent_query,1,100,100,5000,0.18595337867736816,537.769201674477,0.18488550186157227,0.18488550186157227,1.8132519721984863,0.7185935974121094,4.74851131439209,5.144014358520509,8
postgresql,concurrent_query,1,100,100,5000,0.17733168601989746,563.9150128464888,0.17630624771118164,0.17630624771118164,1.7160868644714355,0.5834102630615234,5.047130584716796,5.847351551055909,9
postgresql,concurrent_query,1,100,100,5000,0.146653413772583,681.8797969140429,0.14505457878112793,0.14505457878112793,1.4156484603881836,0.5184412002563477,4.448282718658447,4.936830997467043,10
postgresql,concurrent_query,1,100,100,5000,0.17180538177490234,582.0539436361719,0.17031311988830566,0.17031311988830566,1.665952205657959,0.5826950073242188,4.367089271545409,5.009481906890869,11
postgresql,concurrent_query,1,100,100,5000,0.13435029983520508,744.3228643528197,0.13289189338684082,0.13289189338684082,1.2947344779968262,0.5048513412475586,4.482400417327881,5.032763481140138,12
postgresql,concurrent_query,1,100,100,5000,0.17511940002441406,571.038959624454,0.17409157752990723,0.17409157752990723,1.7038154602050781,0.5705356597900391,4.8972487449646,5.776813030242921,13
postgresql,concurrent_query,1,100,100,5000,0.16530299186706543,604.9497281962007,0.1640465259552002,0.1640465259552002,1.6020560264587402,0.5995035171508789,4.4325828552246085,5.478134155273438,14
postgresql,concurrent_query,1,100,100,5000,0.18175458908081055,550.1924353367422,0.18072271347045898,0.18072271347045898,1.7708325386047363,0.5785226821899414,4.711341857910155,5.182912349700931,15
postgresql,concurrent_query,1,100,100,5000,0.14314484596252441,698.5930881938997,0.14201068878173828,0.14201068878173828,1.3856983184814453,0.4628896713256836,4.453670978546143,5.507919788360597,16
postgresql,concurrent_query,1,100,100,5000,0.1571793556213379,636.215866929184,0.1555328369140625,0.1555328369140625,1.5185070037841797,0.5114078521728516,5.125069618225098,5.621802806854248,17
postgresql,concurrent_query,1,100,100,5000,0.15657758712768555,638.6610103938581,0.15540242195129395,0.15540242195129395,1.5132522583007812,0.5172491073608398,4.703044891357422,5.303182601928711,18
postgresql,concurrent_query,1,100,100,5000,0.22306466102600098,448.3005041679092,0.22195792198181152,0.22195792198181152,2.180492877960205,0.9104013442993164,4.9036383628845215,6.229584217071538,19
postgresql,concurrent_query,1,100,100,5000,0.12023091316223145,831.7328494799568,0.11843204498291016,0.11843204498291016,1.1452531814575195,0.4163980484008789,4.3329119682312,5.437824726104736,20
postgresql,concurrent_query,1,100,100,5000,0.18970584869384766,527.131876473575,0.18822050094604492,0.18822050094604492,1.8418025970458984,0.599980354309082,4.521036148071289,5.202937126159669,21
postgresql,concurrent_query,1,100,100,5000,0.1583089828491211,631.6760944343039,0.15679383277893066,0.15679383277893066,1.5250301361083984,0.49436092376708984,4.850232601165771,5.539445877075196,22
postgresql,concurrent_query,1,100,100,5000,0.16546082496643066,604.3726665830924,0.16380620002746582,0.16380620002746582,1.5994000434875488,0.5332231521606445,4.6120405197143555,5.544540882110596,23
postgresql,concurrent_query,1,100,100,5000,0.15891814231872559,629.2547757035845,0.15732526779174805,0.15732526779174805,1.5347957611083984,0.5568265914916992,4.593193531036376,5.084838867187503,24
postgresql,concurrent_query,1,100,100,5000,0.171891450881958,581.7624988730382,0.17037010192871094,0.17037010192871094,1.6704034805297852,0.5533695220947266,4.86149787902832,5.265932083129888,25
postgresql,concurrent_query,1,100,100,5000,0.18688440322875977,535.090132040569,0.1857585906982422,0.1857585906982422,1.8210148811340332,0.6070137023925781,4.853832721710205,5.4588341712951705,26
postgresql,concurrent_query,1,100,100,5000,0.19751238822937012,506.2973563150404,0.19599652290344238,0.19599652290344238,1.9208884239196777,0.6539821624755859,4.789435863494872,5.734934806823733,27
postgresql,concurrent_query,1,100,100,5000,0.1364130973815918,733.0674394135885,0.13540053367614746,0.13540053367614746,1.3175439834594727,0.5202293395996094,4.150080680847167,4.995884895324707,28
postgresql,concurrent_query,1,100,100,5000,0.19650673866271973,508.88840087890327,0.195098876953125,0.195098876953125,1.9150638580322266,0.7107257843017578,4.487824440002441,4.648683071136476,29
postgresql,concurrent_query,1,100,100,5000,0.1647489070892334,606.9842997248943,0.16373729705810547,0.16373729705810547,1.600046157836914,0.5300045013427734,5.132031440734863,5.602779388427738,30
postgresql,concurrent_query,5,100,500,5000,0.4873776435852051,1025.8985133621302,0.4789553165435791,0.4862523078918457,4.742105960845947,4.7508955001831055,10.991523265838623,13.251615524291998,1
postgresql,concurrent_query,5,100,500,5000,0.5522587299346924,905.37274088746,0.5289954662322998,0.5499553680419922,5.251497745513916,4.479765892028809,11.157503128051756,15.650177955627731,2
postgresql,concurrent_query,5,100,500,5000,0.5065944194793701,986.9828422386744,0.48637800216674804,0.5048661231994629,4.823972225189209,4.220771789550781,11.401953697204588,13.813149929046649,3
postgresql,concurrent_query,5,100,500,5000,0.51228928565979,976.0110429716242,0.4930074691772461,0.5098891258239746,4.885710716247559,4.680871963500977,11.265220642089844,12.73082447052003,4
postgresql,concurrent_query,5,100,500,5000,0.49817633628845215,1003.6606791184315,0.4844974994659424,0.49678730964660645,4.807894229888916,4.475688934326172,11.077816486358643,13.944284915924078,5
postgresql,concurrent_query,5,100,500,5000,0.5686953067779541,879.2054269496969,0.5542930126190185,0.5673964023590088,5.490716457366943,4.707098007202148,11.588265895843506,18.017207145691206,6
postgresql,concurrent_query,5,100,500,5000,0.5245668888092041,953.1672903240761,0.5131979942321777,0.5227880477905273,5.092926025390625,4.627346992492676,12.380242347717285,15.59966182708742,7
postgresql,concurrent_query,5,100,500,5000,0.5070183277130127,986.1576449422056,0.4909327983856201,0.5057883262634277,4.866424083709717,4.715204238891602,11.003241539001463,13.747031211853038,8
postgresql,concurrent_query,5,100,500,5000,0.4739539623260498,1054.9547841020733,0.4556682586669922,0.4726896286010742,4.515527248382568,4.04210090637207,10.892827510833737,13.46388006210328,9
postgresql,concurrent_query,5,100,500,5000,0.45526766777038574,1098.2550165459477,0.43147878646850585,0.4528217315673828,4.276205062866211,3.739476203918457,10.27769088745117,12.847981929779063,10
postgresql,concurrent_query,5,100,500,5000,0.5513968467712402,906.7879204021575,0.5343602180480957,0.5499064922332764,5.3052449226379395,4.320240020751953,11.915929317474365,16.72309255600003,11
postgresql,concurrent_query,5,100,500,5000,0.49484992027282715,1010.407356889809,0.48552989959716797,0.4926905632019043,4.818110466003418,4.705047607421875,10.509512424468994,12.503934860229505,12
postgresql,concurrent_query,5,100,500,5000,0.5520198345184326,905.7645554279525,0.5233921527862548,0.5498220920562744,5.199740886688232,5.105853080749512,10.89989185333252,13.577557563781749,13
postgresql,concurrent_query,5,100,500,5000,0.4774441719055176,1047.2428598394245,0.4615200042724609,0.47518205642700195,4.572936534881592,4.363799095153809,10.665948390960692,13.815015792846689,14
postgresql,concurrent_query,5,100,500,5000,0.47107648849487305,1061.3987584002332,0.46064066886901855,0.46955442428588867,4.571207523345947,3.7318944931030273,11.072604656219482,15.048527240753184,15
postgresql,concurrent_query,5,100,500,5000,0.47966480255126953,1042.3946000218702,0.4723986625671387,0.4775698184967041,4.690447807312012,4.555773735046387,10.620486736297607,13.793677806854259,16
postgresql,concurrent_query,5,100,500,5000,0.5245218276977539,953.2491759105892,0.49709482192993165,0.5222468376159668,4.933594703674316,4.444718360900879,11.354808807373047,13.519365310668974,17
postgresql,concurrent_query,5,100,500,5000,0.4598400592803955,1087.3345849477553,0.4452383041381836,0.4574429988861084,4.417084693908691,4.247641563415527,9.91939067840576,12.97739553451539,18
postgresql,concurrent_query,5,100,500,5000,0.5126216411590576,975.3782514321487,0.4916851043701172,0.5105969905853271,4.870101451873779,4.578399658203125,12.234182357788082,15.056416034698497,19
postgresql,concurrent_query,5,100,500,5000,0.5611131191253662,891.0859200358278,0.5473983287811279,0.559396505355835,5.437387943267822,5.16815185546875,12.414941787719723,15.7016263008118,20
postgresql,concurrent_query,5,100,500,5000,0.4743819236755371,1054.0030617650282,0.4571244239807129,0.47209692001342773,4.526168346405029,4.018950462341309,10.844714641571043,13.484299182891855,21
postgresql,concurrent_query,5,100,500,5000,0.5075087547302246,985.2046794065335,0.49146080017089844,0.5052533149719238,4.862795352935791,4.648280143737793,11.234269142150879,14.528921604156517,22
postgresql,concurrent_query,5,100,500,5000,0.5246376991271973,953.0386413935078,0.4872300148010254,0.5228393077850342,4.813120365142822,4.564929008483887,11.218118667602539,13.355546474456805,23
postgresql,concurrent_query,5,100,500,5000,0.4622805118560791,1081.5943721972517,0.4434670925140381,0.4603445529937744,4.391313076019287,3.935074806213379,10.431296825408932,13.195415973663334,24
postgresql,concurrent_query,5,100,500,5000,0.4931023120880127,1013.988350374549,0.47954931259155276,0.49101924896240234,4.759946346282959,4.36244010925293,10.984845161437988,14.06145191192628,25
postgresql,concurrent_query,5,100,500,5000,0.5368630886077881,931.3361462353787,0.5108425617218018,0.5341906547546387,5.063183784484863,3.843259811401367,12.02186107635498,15.554950714111627,26
postgresql,concurrent_query,5,100,500,5000,0.5281739234924316,946.6578673438895,0.5025827884674072,0.5265765190124512,4.991116046905518,4.604291915893555,11.523458957672117,14.147570610046392,27
postgresql,concurrent_query,5,100,500,5000,0.5076487064361572,984.9330721438189,0.4943450927734375,0.5056555271148682,4.899046897888184,4.481267929077148,11.717722415924072,14.024830341339117,28
postgresql,concurrent_query,5,100,500,5000,0.6907198429107666,723.8824903204561,0.6772377967834473,0.6887221336364746,6.718592643737793,5.97536563873291,16.407315731048584,19.44744491577151,29
postgresql,concurrent_query,5,100,500,5000,0.49305105209350586,1014.09376955386,0.48456740379333496,0.49163365364074707,4.781900405883789,4.621291160583496,10.706679821014404,12.74137020111085,30
postgresql,concurrent_query,10,100,1000,5000,1.077118158340454,928.4032510794617,1.040707278251648,1.0753326416015625,10.335450410842896,8.77063274383545,21.485912799835198,34.1473267078402,1
postgresql,concurrent_query,10,100,1000,5000,0.9574346542358398,1044.4577032759828,0.9222088098526001,0.9546997547149658,9.124796628952026,8.285748958587646,19.429757595062256,25.210049867630026,2
postgresql,concurrent_query,10,100,1000,5000,1.0096945762634277,990.3985061509348,0.9533054828643799,1.008495569229126,9.448431491851807,8.265507221221924,19.374427795410156,25.908961296081696,3
postgresql,concurrent_query,10,100,1000,5000,1.0193195343017578,981.0466358667483,0.9781695604324341,1.0166711807250977,9.689757347106934,8.69380235671997,19.972749948501587,25.21481990814211,4
postgresql,concurrent_query,10,100,1000,5000,1.0490691661834717,953.2259952296702,1.0236538887023925,1.0460689067840576,10.13457202911377,8.902835845947266,20.62016487121582,26.090085744857806,5
postgresql,concurrent_query,10,100,1000,5000,1.1334145069122314,882.2897482795651,1.100404715538025,1.1317920684814453,10.935885667800903,8.95528793334961,22.38794445991516,31.121128559112826,6
postgresql,concurrent_query,10,100,1000,5000,1.0109760761260986,989.1430901429861,0.9739415407180786,1.008824110031128,9.668467044830322,8.771538734436035,20.098481178283688,24.79207611083987,7
postgresql,concurrent_query,10,100,1000,5000,1.0286250114440918,972.1715774693199,0.9906147241592407,1.0247313976287842,9.841810464859009,8.74319076538086,21.06565833091735,27.41905403137208,8
postgresql,concurrent_query,10,100,1000,5000,1.1076455116271973,902.8159185432354,1.0675418615341186,1.1036052703857422,10.617151260375977,8.81505012512207,21.806678771972653,32.20539617538479,9
postgresql,concurrent_query,10,100,1000,5000,1.0191643238067627,981.1960413457366,0.9894235849380493,1.0151917934417725,9.829163551330566,8.77392292022705,20.59088349342346,26.12357234954835,10
postgresql,concurrent_query,10,100,1000,5000,1.0225732326507568,977.9250698825339,0.9913151741027832,1.0205562114715576,9.850077390670776,8.940708637237549,21.481541395187378,28.152870655059832,11
postgresql,concurrent_query,10,100,1000,5000,1.0579931735992432,945.1856826240635,1.0315760135650636,1.0553467273712158,10.24454379081726,8.568668365478516,20.541092157363888,30.153558731079357,12
postgresql,concurrent_query,10,100,1000,5000,1.0920517444610596,915.7075249154167,1.056947159767151,1.0891199111938477,10.492459297180176,9.407556056976318,21.411383152008057,28.63344359397891,13
postgresql,concurrent_query,10,100,1000,5000,0.9833576679229736,1016.92398668348,0.9439509868621826,0.9799256324768066,9.382359027862549,8.73326063156128,19.697699546813965,24.935768604278586,14
postgresql,concurrent_query,10,100,1000,5000,1.382575511932373,723.2877997400216,1.3584809303283691,1.3805627822875977,10.558522939682007,8.761072158813477,21.378378868103027,29.895681619644456,15
postgresql,concurrent_query,10,100,1000,5000,0.9855570793151855,1014.6545755572575,0.9515598058700562,0.9831709861755371,9.449838638305664,8.435118198394775,19.56783175468445,26.583356142044085,16
postgresql,concurrent_query,10,100,1000,5000,1.1175167560577393,894.8411686708816,1.090165090560913,1.113985538482666,10.842130184173584,9.0690016746521,22.22533106803894,37.9189591407778,17
postgresql,concurrent_query,10,100,1000,5000,1.043541669845581,958.2751018921706,1.0022680044174195,1.0400042533874512,9.961205244064331,8.874237537384033,20.439789295196533,25.949305057525653,18
postgresql,concurrent_query,10,100,1000,5000,1.0384342670440674,962.9882523489218,1.0117342948913575,1.0348947048187256,10.042009830474854,8.888077735900879,21.387547254562378,26.445590972900412,19
postgresql,concurrent_query,10,100,1000,5000,1.0846948623657227,921.9182598680306,1.059282946586609,1.0834414958953857,10.529698133468628,8.704841136932373,20.88714361190796,31.01124501228361,20
postgresql,concurrent_query,10,100,1000,5000,1.0779740810394287,927.6660891844053,1.045267152786255,1.0762534141540527,10.376348972320557,9.245860576629639,21.941126585006714,28.17967963218691,21
postgresql,concurrent_query,10,100,1000,5000,1.033325433731079,967.7493337111143,0.9968162536621094,1.0307559967041016,9.89776062965393,8.695173263549805,20.888203382492065,27.69429540634158,22
postgresql,concurrent_query,10,100,1000,5000,1.0865674018859863,920.3294689903923,1.0581823348999024,1.082831621170044,10.516742944717407,8.763206005096436,21.909986734390255,30.443603515625234,23
postgresql,concurrent_query,10,100,1000,5000,0.9516394138336182,1050.8181832986133,0.9192375659942627,0.9493048191070557,9.127946615219116,8.290493488311768,19.15066361427307,25.179762363433856,24
postgresql,concurrent_query,10,100,1000,5000,1.0307121276855469,970.2030015359278,1.0074612855911256,1.0273394584655762,9.996589183807373,9.035897254943848,20.15304923057556,25.062474727630633,25
postgresql,concurrent_query,10,100,1000,5000,1.079918384552002,925.9959033060118,1.0506751775741576,1.075103521347046,10.450387239456177,8.88746976852417,20.946716070175164,29.36255526542687,26
postgresql,concurrent_query,10,100,1000,5000,1.0396299362182617,961.8807280959811,1.0034332752227784,1.0374081134796143,9.964608430862427,9.111964702606201,20.210626125335693,26.04045271873476,27
postgresql,concurrent_query,10,100,1000,5000,1.0802626609802246,925.7007912247983,1.0460456132888794,1.0784540176391602,10.391645908355713,8.56468677520752,21.547049283981323,30.21722364425687,28
postgresql,concurrent_query,10,100,1000,5000,1.0194511413574219,980.9199866787905,0.9748688697814941,1.0170090198516846,9.66373896598816,8.585143089294434,20.18505096435547,26.09205961227419,29
postgresql,concurrent_query,10,100,1000,5000,0.9970970153808594,1002.9114364744455,0.9673404932022095,0.9931964874267578,9.603258609771729,8.803403377532959,19.725612401962277,25.30670404434206,30
postgresql,concurrent_query,20,100,2000,5000,2.190361976623535,913.091087840659,2.096154034137726,2.185173511505127,20.72850513458252,17.08308458328247,46.543512344360344,65.54647469520587,1
postgresql,concurrent_query,20,100,2000,5000,2.15513277053833,928.01707038236,2.080571687221527,2.1518588066101074,20.6142258644104,17.221397161483765,46.204648017883294,65.73939919471755,2
postgresql,concurrent_query,20,100,2000,5000,2.093933582305908,955.140132858242,2.025502789020538,2.087867259979248,20.021368980407715,17.222946882247925,43.79957377910614,57.815037369728145,3
postgresql,concurrent_query,20,100,2000,5000,2.1405386924743652,934.3442410228479,2.047737979888916,2.1298015117645264,20.28556513786316,16.662055253982544,44.87547159194945,68.71479272842424,4
postgresql,concurrent_query,20,100,2000,5000,2.087209701538086,958.2170869204851,2.0131129026412964,2.0826919078826904,19.899455189704895,16.66664481163025,42.4917995929718,65.72183191776293,5
postgresql,concurrent_query,20,100,2000,5000,2.0090115070343018,995.5144572329481,1.9500246882438659,2.0037834644317627,19.337958455085754,16.825872659683228,43.34086716175079,56.14127564430241,6
postgresql,concurrent_query,20,100,2000,5000,2.1708552837371826,921.2958666489039,2.0807826280593873,2.166558027267456,20.62101697921753,17.557477951049805,44.350450634956346,66.27834737300887,7
postgresql,concurrent_query,20,100,2000,5000,2.0399506092071533,980.4158938815286,1.9614648818969727,2.0311999320983887,19.42466962337494,16.78106188774109,41.86150848865509,57.935540318489245,8
postgresql,concurrent_query,20,100,2000,5000,2.1358089447021484,936.4133458477074,2.064958918094635,2.131897449493408,20.479361057281494,17.286711931228638,44.76052522659302,61.935089349746896,9
postgresql,concurrent_query,20,100,2000,5000,2.0268874168395996,986.7346273817598,1.949505090713501,2.022873878479004,19.27155327796936,17.12232232093811,41.836243867874146,53.14800739288334,10
postgresql,concurrent_query,20,100,2000,5000,2.1019275188446045,951.5075957991966,2.0294981837272643,2.0969107151031494,20.049278378486633,17.121213674545288,44.97081160545349,65.343962788582,11
postgresql,concurrent_query,20,100,2000,5000,2.0801048278808594,961.490004346335,2.0056398630142214,2.074162721633911,19.836504578590393,16.78469181060791,43.97602736949919,62.66173946857466,12
postgresql,concurrent_query,20,100,2000,5000,2.000845193862915,999.57758158127,1.9242246985435485,1.9957783222198486,19.045005917549133,16.728663444519043,40.90281426906585,52.58429861068731,13
postgresql,concurrent_query,20,100,2000,5000,2.053558349609375,973.9192462587864,1.9772549510002135,2.0500526428222656,19.592642426490784,17.209190130233765,43.59370768070221,54.39189994335178,14
postgresql,concurrent_query,20,100,2000,5000,2.1181559562683105,944.2175369954942,2.0294739484786986,2.1128056049346924,20.12023663520813,17.05372929573059,44.525654315948486,62.5669555664064,15
postgresql,concurrent_query,20,100,2000,5000,2.1514923572540283,929.5873133161488,2.054936099052429,2.134591579437256,20.365580439567566,17.19980239868164,44.553940892219536,63.51835989952101,16
postgresql,concurrent_query,20,100,2000,5000,2.1412997245788574,934.012168891187,2.065255320072174,2.133190393447876,20.45745599269867,17.94852614402771,44.463538527488694,56.547923445701635,17
postgresql,concurrent_query,20,100,2000,5000,2.131868362426758,938.1442284378905,2.057336926460266,2.1188924312591553,20.4023015499115,17.15664267539978,46.25407993793487,63.136220693588406,18
postgresql,concurrent_query,20,100,2000,5000,2.1060824394226074,949.6304430268691,2.0318918466567992,2.1040587425231934,20.108307123184204,16.9894278049469,44.81902778148651,63.564159750938565,19
postgresql,concurrent_query,20,100,2000,5000,2.1291086673736572,939.3602264872097,2.057681441307068,2.1214632987976074,20.400436758995056,17.792707681655884,42.697981595993035,63.296950578689746,20
postgresql,concurrent_query,20,100,2000,5000,2.1244125366210938,941.4367339316433,2.0402544260025026,2.114866018295288,20.159002542495728,17.55473017692566,44.496955275535576,57.664719223976206,21
postgresql,concurrent_query,20,100,2000,5000,2.124682664871216,941.317041395086,2.0493788838386537,2.1225292682647705,20.311534881591797,17.47492551803589,44.66366648674011,63.37081146240248,22
postgresql,concurrent_query,20,100,2000,5000,2.217196226119995,902.040142608361,2.1324609398841856,2.2110981941223145,21.13907825946808,17.826873064041138,46.38583600521088,66.4983441829683,23
postgresql,concurrent_query,20,100,2000,5000,2.096424102783203,954.0054406667091,2.007758140563965,2.089298963546753,19.851074814796448,17.334342002868652,43.22165846824645,54.513020873069806,24
postgresql,concurrent_query,20,100,2000,5000,2.090122938156128,956.8815132780501,2.016385579109192,2.0838727951049805,19.97923970222473,16.7411208152771,43.64980161190033,62.814182758331455,25
postgresql,concurrent_query,20,100,2000,5000,2.157634973526001,926.9408516917047,2.066639709472656,2.152554512023926,20.44470715522766,17.87434220314026,42.69923269748688,62.745069742202915,26
postgresql,concurrent_query,20,100,2000,5000,2.2423667907714844,891.9147430433991,2.160980463027954,2.2389566898345947,21.37112057209015,18.234384059906006,46.56250417232513,66.80477261543284,27
postgresql,concurrent_query,20,100,2000,5000,2.0597784519195557,970.9782127957272,1.9894829511642456,2.0517046451568604,19.73144006729126,16.768932342529297,43.629212975502014,55.30666291713719,28
postgresql,concurrent_query,20,100,2000,5000,2.017094850540161,991.5250140390854,1.9668153047561645,2.013806104660034,19.47254705429077,16.38127565383911,42.9141491651535,59.51994931697861,29
postgresql,concurrent_query,20,100,2000,5000,2.1488163471221924,930.744966957509,2.0869557857513428,2.1431515216827393,20.667924165725708,17.09994673728943,45.906620025634766,67.06765782833119,30
postgresql,concurrent_query,50,100,5000,5000,6.093505382537842,820.5457591501437,5.536179823875427,6.03645658493042,54.482793998718265,42.72845268249512,140.93179035186768,189.1359006881716,1
postgresql,concurrent_query,50,100,5000,5000,5.2805280685424805,946.8749971780926,4.8087035751342775,5.186084270477295,47.523065185546876,38.945581912994385,114.73387789726257,151.3907755851747,2
postgresql,concurrent_query,50,100,5000,5000,5.308483839035034,941.8885225256503,4.7743061971664424,5.207042455673218,47.12356276512146,38.19785118103027,117.05965614318848,156.53754591941845,3
postgresql,concurrent_query,50,100,5000,5000,5.360721826553345,932.7102136196331,4.825924973487854,5.195734977722168,47.60636010169983,38.937928676605225,115.22922968864441,157.9367993831636,4
postgresql,concurrent_query,50,100,5000,5000,5.394392251968384,926.8884735209101,4.8689432001113895,5.271420240402222,48.072380781173706,38.698856830596924,119.24565124511719,157.53109726905842,5
postgresql,concurrent_query,50,100,5000,5000,5.269620418548584,948.8349449991607,4.691032156944275,5.15483546257019,46.33127613067627,37.256741523742676,116.4249062538147,153.52368636131303,6
postgresql,concurrent_query,50,100,5000,5000,5.4074387550354,924.6521738862056,4.979492168426514,5.3487324714660645,49.16062984466553,40.065600872039795,117.99827766418457,156.2346225738527,7
postgresql,concurrent_query,50,100,5000,5000,5.395365476608276,926.7212798980177,4.913704299926758,5.276416540145874,48.52765164375305,39.44249629974365,117.52305960655208,160.97289476394667,8
postgresql,concurrent_query,50,100,5000,5000,5.440207004547119,919.0826738432603,4.829888105392456,5.36802339553833,47.62988095283508,38.40850114822388,118.76798701286316,160.37048296928424,9
postgresql,concurrent_query,50,100,5000,5000,5.384995698928833,928.5058483880655,4.7635884141922,5.24748158454895,47.063875102996825,38.13685655593872,117.77184844017029,150.61931991577165,10
postgresql,concurrent_query,50,100,5000,5000,5.347378492355347,935.0376090168367,4.931464772224427,5.219561338424683,48.728300428390504,40.171287059783936,118.01106882095335,156.83445677757274,11
postgresql,concurrent_query,50,100,5000,5000,5.370242595672607,931.0566349514727,4.765463681221008,5.248778343200684,47.11936354637146,38.77255201339722,113.35540580749512,144.77595257759108,12
postgresql,concurrent_query,50,100,5000,5000,5.346070766448975,935.2663326829013,4.897507390975952,5.231339693069458,48.418359375,39.209370613098145,118.19603657722469,159.69157605171225,13
postgresql,concurrent_query,50,100,5000,5000,5.548912286758423,901.0774980047328,5.021580057144165,5.505412578582764,49.5693642616272,40.05369424819946,122.17437672615051,166.58054943084736,14
postgresql,concurrent_query,50,100,5000,5000,5.517482757568359,906.2103534698816,4.911777753829956,5.3388917446136475,48.48359980583191,39.03377056121826,119.87287592887877,156.41291513443005,15
postgresql,concurrent_query,50,100,5000,5000,5.405993938446045,924.8992982476876,4.757489514350891,5.108482599258423,46.912921047210695,37.65030860900879,116.11810541152954,157.85861649513257,16
postgresql,concurrent_query,50,100,5000,5000,5.465665102005005,914.8017499582654,4.871761326789856,5.394869804382324,48.010042381286624,38.988027572631836,118.81354808807372,159.79530320167555,17
postgresql,concurrent_query,50,100,5000,5000,5.991388320922852,834.5311190294959,5.269780135154724,5.756400108337402,51.939360570907596,40.611441135406494,132.45514082908628,186.43776664733906,18
postgresql,concurrent_query,50,100,5000,5000,5.984355688095093,835.5118346235153,5.466082839965821,5.941391706466675,53.94395952224731,43.51993799209595,136.62846183776855,182.45371313095112,19
postgresql,concurrent_query,50,100,5000,5000,5.490004062652588,910.7461384252903,4.887032179832459,5.265917778015137,48.169808864593506,38.99944543838501,119.51951766014099,156.59019885063185,20
postgresql,concurrent_query,50,100,5000,5000,5.260210037231445,950.5323864656174,4.7566017198562625,5.1909568309783936,46.93440890312195,38.8842511177063,116.08154606819153,153.57584652900712,21
postgresql,concurrent_query,50,100,5000,5000,5.528720855712891,904.3683214415578,4.950295462608337,5.395464658737183,48.8228184223175,39.784510135650635,120.27530694007874,157.80391116142292,22
postgresql,concurrent_query,50,100,5000,5000,5.744174957275391,870.4470245404273,5.169251341819763,5.675822019577026,50.932033920288085,40.50574779510498,128.7788212299347,168.3405658721926,23
postgresql,concurrent_query,50,100,5000,5000,5.5986621379852295,893.0705009106572,5.123800497055054,5.561102390289307,50.641637563705444,40.75753211975098,126.17183017730713,169.72425632476825,24
postgresql,concurrent_query,50,100,5000,5000,5.543351173400879,901.9814627642417,5.04914402961731,5.428935766220093,49.880475997924805,40.90736150741577,124.36994934082031,163.80802335739148,25
postgresql,concurrent_query,50,100,5000,5000,6.27097225189209,797.3245294605458,5.608142156600952,6.127326965332031,55.27419400215149,42.9704475402832,142.90823626518247,197.40242729187025,26
postgresql,concurrent_query,50,100,5000,5000,5.669292688369751,881.9442344645975,5.018207216262818,5.503982782363892,49.532304191589354,39.346420764923096,123.88440346717834,167.58596243858355,27
postgresql,concurrent_query,50,100,5000,5000,5.3492748737335205,934.7061270961116,4.831739916801452,5.219617605209351,47.67337975502014,38.560309410095215,118.58301424980164,160.69200224876417,28
postgresql,concurrent_query,50,100,5000,5000,5.288041591644287,945.5296281898717,4.784260282516479,5.181257486343384,47.241267395019534,37.81108379364014,116.96427416801448,162.34775180816666,29
postgresql,concurrent_query,50,100,5000,5000,5.396475076675415,926.5307314418897,4.870725374221802,5.267039775848389,48.10632395744324,39.37255859375,119.32123041152954,164.878013944626,30
redis,concurrent_query,1,100,100,5000,1.9185349941253662,52.123104507451856,1.9167108535766602,1.9167108535766602,19.16440725326538,5.434632301330566,69.63919401168823,71.0612964630127,1
redis,concurrent_query,1,100,100,5000,2.5769124031066895,38.80613088727479,2.575812816619873,2.575812816619873,25.75571298599243,6.167769432067871,69.32947635650635,69.83048677444458,2
redis,concurrent_query,1,100,100,5000,2.083597421646118,47.99391617647345,2.082090377807617,2.082090377807617,20.818371772766113,5.627632141113281,67.53716468811035,69.19283151626587,3
redis,concurrent_query,1,100,100,5000,2.461012601852417,40.63368059339862,2.4597911834716797,2.4597911834716797,24.595611095428467,5.594134330749512,71.9961404800415,81.92709684371964,4
redis,concurrent_query,1,100,100,5000,2.3539135456085205,42.48244383765104,2.3527567386627197,2.3527567386627197,23.525030612945557,6.412744522094727,71.4972734451294,81.07980966567995,5
redis,concurrent_query,1,100,100,5000,2.4430654048919678,40.93218290421578,2.4417777061462402,2.4417777061462402,24.414613246917725,5.795121192932129,69.5034384727478,71.25226736068728,6
redis,concurrent_query,1,100,100,5000,2.0660641193389893,48.40120839618168,2.064432382583618,2.064432382583618,20.642201900482178,5.157232284545898,69.81164216995239,71.65417909622194,7
redis,concurrent_query,1,100,100,5000,2.034404754638672,49.15442699983312,2.033066511154175,2.033066511154175,20.32843589782715,5.747795104980469,69.88567113876343,72.00186729431152,8
redis,concurrent_query,1,100,100,5000,2.1809933185577393,45.850667743507174,2.1796088218688965,2.1796088218688965,21.79347515106201,5.658268928527832,69.94843482971191,70.9157156944275,9
redis,concurrent_query,1,100,100,5000,2.750669240951538,36.354789049594,2.7491064071655273,2.7491064071655273,27.488467693328857,6.26373291015625,70.1470136642456,71.717848777771,10
redis,concurrent_query,1,100,100,5000,2.3718745708465576,42.1607454412349,2.37090802192688,2.37090802192688,23.706462383270264,5.930900573730469,69.854736328125,71.94298505783084,11
redis,concurrent_query,1,100,100,5000,2.519759178161621,39.686332275990964,2.5184168815612793,2.5184168815612793,25.181639194488525,5.997061729431152,68.97855997085571,69.80720043182373,12
redis,concurrent_query,1,100,100,5000,2.435145616531372,41.065306042125016,2.433725357055664,2.433725357055664,24.334580898284912,5.936622619628906,69.83534097671509,72.29965686798099,13
redis,concurrent_query,1,100,100,5000,2.40930438041687,41.50575610653955,2.4080703258514404,2.4080703258514404,24.078423976898193,5.953669548034668,69.57271099090576,72.5661611557007,14
redis,concurrent_query,1,100,100,5000,2.3850479125976562,41.927878878997355,2.3840928077697754,2.3840928077697754,23.838303089141846,5.579471588134766,69.11412477493286,70.13214111328128,15
redis,concurrent_query,1,100,100,5000,2.5382752418518066,39.3968307105437,2.5369796752929688,2.5369796752929688,25.367069244384766,5.937099456787109,70.96658945083618,71.92063331604004,16
redis,concurrent_query,1,100,100,5000,2.3505167961120605,42.54383553668192,2.349396228790283,2.349396228790283,23.491291999816895,6.365180015563965,68.81512403488159,71.77041292190552,17
redis,concurrent_query,1,100,100,5000,2.7112274169921875,36.88366360315843,2.710092306137085,2.710092306137085,27.098307609558105,6.118655204772949,68.46706867218018,70.4757285118103,18
redis,concurrent_query,1,100,100,5000,2.8060214519500732,35.637646294722366,2.8046069145202637,2.8046069145202637,28.0431866645813,6.325960159301758,72.52694368362427,73.41910600662231,19
redis,concurrent_query,1,100,100,5000,3.171531915664673,31.530504077882668,3.169808864593506,3.169808864593506,31.69503927230835,7.084250450134277,73.0574369430542,74.1777229309082,20
redis,concurrent_query,1,100,100,5000,1.9825525283813477,50.44002545629642,1.9810357093811035,1.9810357093811035,19.80769395828247,5.571603775024414,68.71682405471802,70.75324058532718,21
redis,concurrent_query,1,100,100,5000,2.7706081867218018,36.09315834669518,2.7692596912384033,2.7692596912384033,27.690012454986572,6.115198135375977,70.71231603622437,71.13476276397705,22
redis,concurrent_query,1,100,100,5000,2.5162394046783447,39.74184642926819,2.515125274658203,2.515125274658203,25.148823261260986,6.291389465332031,69.19451951980591,71.6794490814209,23
redis,concurrent_query,1,100,100,5000,2.570189952850342,38.90763011080172,2.5685622692108154,2.5685622692108154,25.683181285858154,6.290793418884277,70.67978382110596,73.51453781127931,24
redis,concurrent_query,1,100,100,5000,2.480618476867676,40.312527271937405,2.479710340499878,2.479710340499878,24.794466495513916,5.867958068847656,70.65324783325195,71.62125349044801,25
redis,concurrent_query,1,100,100,5000,2.360513925552368,42.363656031641355,2.358957290649414,2.358957290649414,23.58670711517334,5.782127380371094,70.21069526672363,71.98843955993652,26
redis,concurrent_query,1,100,100,5000,2.0780370235443115,48.12233798868484,2.0766990184783936,2.0766990184783936,20.764613151550293,5.628347396850586,68.2591438293457,70.0868558883667,27
redis,concurrent_query,1,100,100,5000,2.7165255546569824,36.81172806512659,2.715564012527466,2.715564012527466,27.15311050415039,6.673216819763184,70.21791934967041,71.3499474525452,28
redis,concurrent_query,1,100,100,5000,2.6454291343688965,37.80105038567075,2.644063711166382,2.644063711166382,26.43792152404785,6.282210350036621,70.08854150772095,72.43988990783691,29
redis,concurrent_query,1,100,100,5000,2.991659164428711,33.426267667458724,2.99061918258667,2.99061918258667,29.90309238433838,6.89542293548584,70.1838731765747,71.16926431655884,30
redis,concurrent_query,5,100,500,5000,22.158217906951904,22.564991557517374,21.81392526626587,22.156225204467773,218.1358470916748,52.279090881347656,618.0663275718689,635.4172606468201,1
redis,concurrent_query,5,100,500,5000,19.29196548461914,25.917525116797137,18.793339204788207,19.289835691452026,187.9300355911255,50.525736808776855,620.2249431610107,632.4518322944642,2
redis,concurrent_query,5,100,500,5000,21.180676460266113,23.606422624790806,20.482415628433227,21.17903780937195,204.8204517364502,51.37889385223389,608.4879040718079,624.9796409606934,3
redis,concurrent_query,5,100,500,5000,20.543810606002808,24.338230603328395,19.264539575576784,20.54211688041687,192.64171028137207,52.50513553619385,606.3577675819397,625.777834892273,4
redis,concurrent_query,5,100,500,5000,19.282532930374146,25.930203350639285,17.70069808959961,19.279329776763916,177.0034236907959,50.3617525100708,608.5432648658752,631.8625402450563,5
redis,concurrent_query,5,100,500,5000,19.75547218322754,25.30944314378381,18.666070795059206,19.7536518573761,186.65703582763672,50.74284076690674,597.9010200500488,616.0988230705261,6
redis,concurrent_query,5,100,500,5000,22.81047821044922,21.919750887596724,22.08400192260742,22.808189868927002,220.8365077972412,54.21121120452881,610.8908033370972,626.6575074195862,7
redis,concurrent_query,5,100,500,5000,21.97939133644104,22.748582631176777,21.5818293094635,21.977278232574463,215.81475114822388,53.69076728820801,607.4681949615479,623.6896986961365,8
redis,concurrent_query,5,100,500,5000,21.3189959526062,23.45326211007025,20.425394344329835,21.316325187683105,204.25027513504028,51.843929290771484,606.220588684082,625.2312636375427,9
redis,concurrent_query,5,100,500,5000,19.271172285079956,25.945489594688947,18.516783714294434,19.26785135269165,185.1645770072937,48.56982231140137,604.0479922294617,623.9874558448792,10
redis,concurrent_query,5,100,500,5000,18.88852548599243,26.47109751212691,18.577995347976685,18.882558822631836,185.7769045829773,47.82557487487793,603.5897755622864,638.3390684127814,11
redis,concurrent_query,5,100,500,5000,19.949501991271973,25.063282292397727,19.037964487075804,19.94692325592041,190.3769073486328,47.48659133911133,571.4225935935974,608.6729984283456,12
redis,concurrent_query,5,100,500,5000,18.60646367073059,26.87238203068855,17.694506406784058,18.604880332946777,176.94279098510742,44.255948066711426,553.6298155784607,578.3389987945558,13
redis,concurrent_query,5,100,500,5000,20.905091762542725,23.917618046331125,19.841134977340698,20.902493476867676,198.40898847579956,50.30181407928467,553.7572813034058,571.3110451698303,14
redis,concurrent_query,5,100,500,5000,20.02734136581421,24.965869950840204,18.859825563430785,20.025330543518066,188.5956130027771,49.974989891052246,595.5625319480896,829.6586217880252,15
redis,concurrent_query,5,100,500,5000,20.398170471191406,24.5120022261877,19.141902351379393,20.393734455108643,191.41558408737183,51.87368392944336,602.2884631156921,619.1862468719482,16
redis,concurrent_query,5,100,500,5000,20.562485456466675,24.316126620906886,19.743379497528075,20.557952880859375,197.43044805526733,52.069687843322754,608.5076928138733,627.2811331748962,17
redis,concurrent_query,5,100,500,5000,21.006057739257812,23.8026576050755,20.418125104904174,21.004058837890625,204.177716255188,50.10936260223389,602.4187660217285,614.9136667251587,18
redis,concurrent_query,5,100,500,5000,20.994062900543213,23.816257118438124,20.540279817581176,20.990255117416382,205.39931392669678,51.35641098022461,606.3109445571899,620.5000486373901,19
redis,concurrent_query,5,100,500,5000,21.25062370300293,23.528721179573893,20.490504884719847,21.246028900146484,204.90140008926392,52.83174514770508,605.6860828399658,617.3443279266357,20
redis,concurrent_query,5,100,500,5000,21.781236171722412,22.955538246682586,21.116414976119994,21.77780532836914,211.16049194335938,51.04410648345947,607.9813241958618,624.5058851242065,21
redis,concurrent_query,5,100,500,5000,21.348719596862793,23.4206083288234,21.028268098831177,21.346570253372192,210.27927112579346,52.45983600616455,611.2244606018066,657.9008641242983,22
redis,concurrent_query,5,100,500,5000,20.452972173690796,24.44632475680788,19.519026136398317,20.450441598892212,195.18681526184082,49.98478889465332,598.877911567688,620.1156115531921,23
redis,concurrent_query,5,100,500,5000,20.92528986930847,23.894531598979647,20.467851400375366,20.92305898666382,204.6751265525818,49.877190589904785,606.9431281089783,624.7405643463135,24
redis,concurrent_query,5,100,500,5000,21.838080406188965,22.89578528423674,20.461982631683348,21.835564374923706,204.61640882492065,51.2160062789917,603.3303332328796,619.401602268219,25
redis,concurrent_query,5,100,500,5000,22.593019723892212,22.130729141587388,21.756621837615967,22.59161114692688,217.5633783340454,54.03330326080322,632.3361134529114,743.403130531312,26
redis,concurrent_query,5,100,500,5000,21.06206750869751,23.739359860731938,20.322478151321413,21.056466341018677,203.22152996063232,54.699087142944336,627.3388147354126,645.9771447181702,27
redis,concurrent_query,5,100,500,5000,20.41915988922119,24.486805662555128,19.92469940185547,20.416829347610474,199.24359464645386,52.085065841674805,618.7122488021851,633.9594178199768,28
redis,concurrent_query,5,100,500,5000,20.40688180923462,24.501538484617363,19.795983695983885,20.4041485786438,197.956316947937,53.222036361694336,611.8908357620239,629.8061146736145,29
redis,concurrent_query,5,100,500,5000,20.28432035446167,24.64958111796049,19.526554918289186,20.282314777374268,195.26207971572876,53.48970890045166,616.0112166404724,635.8499159812927,30
redis,concurrent_query,10,100,1000,5000,44.640411615371704,22.40122713509333,41.88352789878845,44.63242197036743,418.83179926872253,105.52998781204224,1193.8898587226868,1221.3487448692322,1
redis,concurrent_query,10,100,1000,5000,43.20819115638733,23.143759857491123,41.563340830802915,43.20610070228577,415.62996006011963,104.06672954559326,1189.619734287262,1218.8330788612366,2
redis,concurrent_query,10,100,1000,5000,41.86355495452881,23.88712571319316,39.83564863204956,41.86007618904114,398.35367584228516,97.5367546081543,1141.1850368976593,1203.14679479599,3
redis,concurrent_query,10,100,1000,5000,35.626063108444214,28.069337803507583,34.691987013816835,35.62304759025574,346.9171578884125,91.7101502418518,1082.4396336078644,1109.5392789840698,4
redis,concurrent_query,10,100,1000,5000,36.859705686569214,27.129896491940137,35.28329627513885,36.85556745529175,352.8303084373474,93.44263076782227,1075.1322090625763,1102.546995639801,5
redis,concurrent_query,10,100,1000,5000,38.14132618904114,26.218280797150744,34.92563254833222,38.136637687683105,349.2535500526428,89.11291360855103,1081.877179145813,1125.2880210876465,6
redis,concurrent_query,10,100,1000,5000,35.94577121734619,27.81968410007112,34.28968653678894,35.93826723098755,342.8941102027893,89.84872102737427,1073.6129236221313,1113.3398733139038,7
redis,concurrent_query,10,100,1000,5000,37.65925621986389,26.553896714309943,35.51618378162384,37.64570426940918,355.1590714454651,93.53419542312622,1073.636257648468,1102.2145125865936,8
redis,concurrent_query,10,100,1000,5000,37.76093149185181,26.482397559916755,34.91467399597168,37.75195264816284,349.14408326148987,90.15873670578003,1083.387532234192,1114.629468202591,9
redis,concurrent_query,10,100,1000,5000,39.07790422439575,25.589908666998443,36.33549509048462,39.07206583023071,363.35221004486084,91.34060144424438,1079.9341213703156,1102.8040401935577,10
redis,concurrent_query,10,100,1000,5000,37.86500954627991,26.409606440948227,35.79365396499634,37.863505840301514,357.9339461326599,91.07394218444824,1076.8207943439484,1104.4715197086334,11
redis,concurrent_query,10,100,1000,5000,37.194589138031006,26.885631033292217,35.139920115470886,37.1904821395874,351.3965365886688,89.74572420120239,1071.3396501541138,1098.211701631546,12
redis,concurrent_query,10,100,1000,5000,42.52685570716858,23.514552942399504,40.89262216091156,42.5228271484375,408.92305517196655,100.19923448562622,1241.0665774345398,1357.7771065235142,13
redis,concurrent_query,10,100,1000,5000,43.351996660232544,23.06698830592307,40.18019597530365,43.34351062774658,401.7985739707947,99.66055154800415,1203.4799087047577,1236.8046901226044,14
redis,concurrent_query,10,100,1000,5000,42.342419385910034,23.61697830456902,40.68734459877014,42.339388370513916,406.8698961734772,102.59367227554321,1195.3524243831635,1231.1755464076996,15
redis,concurrent_query,10,100,1000,5000,41.6802282333374,23.992191079226448,38.89344708919525,41.67815542221069,388.9311578273773,100.42755603790283,1213.2093858718872,1258.717937707901,16
redis,concurrent_query,10,100,1000,5000,42.5508496761322,23.50129333753173,40.501623487472536,42.54562568664551,405.013041973114,103.19665670394897,1228.6888360977173,1263.5297644138336,17
redis,concurrent_query,10,100,1000,5000,42.68247056007385,23.428821876478317,39.1767644405365,42.67887616157532,391.7642469406128,100.29383897781372,1218.91068816185,1265.0529556274414,18
redis,concurrent_query,10,100,1000,5000,42.12098455429077,23.741135459715466,39.698797488212584,42.115697622299194,396.9844980239868,102.52354145050049,1212.7411568164825,1259.1182560920718,19
redis,concurrent_query,10,100,1000,5000,42.61932706832886,23.463533302549887,40.19427466392517,42.615286111831665,401.93923592567444,103.03002595901489,1197.1293020248413,1228.8044891357422,20
redis,concurrent_query,10,100,1000,5000,39.23472738265991,25.487624528314107,36.12547812461853,39.225250005722046,361.2513167858124,99.2711067199707,1199.917744398117,1237.6507291793823,21
redis,concurrent_query,10,100,1000,5000,41.192434310913086,24.276302596058777,39.01287450790405,41.18524980545044,390.1251060962677,99.54917430877686,1208.6577475070953,1245.3706748485565,22
redis,concurrent_query,10,100,1000,5000,40.307841539382935,24.809068454408457,38.38477613925934,40.30270719528198,383.8444314002991,90.94347953796387,1196.3494539260864,1231.8137893676758,23
redis,concurrent_query,10,100,1000,5000,40.951706886291504,24.41900658198811,38.4818635225296,40.94941163063049,384.8152153491974,100.39501190185547,1190.6848323345184,1230.5702962875366,24
redis,concurrent_query,10,100,1000,5000,42.405258655548096,23.58198090767134,39.363969039916995,42.40203404426575,393.63623332977295,101.1303186416626,1190.7944989204407,1231.1849253177643,25
redis,concurrent_query,10,100,1000,5000,39.39494013786316,25.383970542929767,37.147370195388795,39.392244815826416,371.4701843261719,97.64503240585327,1185.1237332820892,1226.6261765956879,26
redis,concurrent_query,10,100,1000,5000,38.50447988510132,25.971003971071266,36.08521766662598,38.500683307647705,360.8491733074188,90.16125202178955,1169.534707069397,1217.5878682136538,27
redis,concurrent_query,10,100,1000,5000,37.06131029129028,26.98231638709785,35.794006204605104,37.05693602561951,357.9375002384186,93.72040033340454,1100.1133906841278,1190.8716397285466,28
redis,concurrent_query,10,100,1000,5000,36.31416916847229,27.53746052568905,34.00057282447815,36.312092304229736,340.00334453582764,89.46083784103394,1066.9633400440216,1097.6979780197144,29
redis,concurrent_query,10,100,1000,5000,36.60044980049133,27.32206859344597,35.039059567451474,36.59487271308899,350.3882477283478,90.13769626617432,1068.9785289764404,1096.1268634796143,30
redis,concurrent_query,20,100,2000,5000,76.68473505973816,26.08080993488444,72.17543194293975,76.66333937644958,721.7518301010132,178.15077900886536,2127.437424659729,2228.6854929924016,1
redis,concurrent_query,20,100,2000,5000,70.82402467727661,28.23900518381139,65.44168035984039,70.7975435256958,654.4143652915955,172.61622548103333,2094.1802257299423,2156.950976729393,2
redis,concurrent_query,20,100,2000,5000,74.70226335525513,26.772950512741122,68.93283482789994,74.67509603500366,689.3257811069489,181.9469451904297,2104.616535305977,2167.354448914528,3
redis,concurrent_query,20,100,2000,5000,79.01664400100708,25.31112305876354,74.56473723649978,78.99073529243469,745.6448222398758,183.87019038200378,2115.0108474493027,2178.3151277303696,4
redis,concurrent_query,20,100,2000,5000,74.54223442077637,26.830427281135556,69.5630615234375,74.53183174133301,695.6281710863113,177.06103324890137,2095.3847181797028,2156.503538608551,5
redis,concurrent_query,20,100,2000,5000,74.39398312568665,26.883894583531756,69.04107458591461,74.36597800254822,690.4083219766617,178.96824479103088,2102.9618632793427,2161.562327980995,6
redis,concurrent_query,20,100,2000,5000,84.49993848800659,23.668656282913954,79.7301009774208,84.49485349655151,797.2975562810898,196.46378755569458,2436.0453832149506,2574.9054992198944,7
redis,concurrent_query,20,100,2000,5000,80.47102475166321,24.85366634974613,75.48887538909912,80.46752738952637,754.8851941823959,194.03671026229858,2344.132201075554,2400.975037455559,8
redis,concurrent_query,20,100,2000,5000,76.88885998725891,26.011570471085353,70.72184798717498,76.86572647094727,707.2155225276947,186.81686520576477,2311.3608372211456,2400.2076077461243,9
redis,concurrent_query,20,100,2000,5000,75.58840203285217,26.459085603248518,69.95523754358291,75.57880139350891,699.5496810674667,178.76855731010437,2123.0912053585052,2341.352468371392,10
redis,concurrent_query,20,100,2000,5000,3416.6898448467255,0.585361882646893,3412.8641470074654,3416.6809542179108,34128.6379134655,207.384592294693,2464.020144343376,130426.83143951111,11
redis,concurrent_query,20,100,2000,5000,85.98412084579468,23.260108730853137,80.98673989772797,85.95345044136047,809.8634607791901,202.77933478355408,2435.486200451851,2657.14759540558,12
redis,concurrent_query,20,100,2000,5000,82.18913173675537,24.334117634991276,77.49583469629287,82.14851379394531,774.9547672271729,199.20454621315002,2359.4386947155,2437.4610702991495,13
redis,concurrent_query,20,100,2000,5000,82.95555925369263,24.109294398024005,78.33730741739274,82.92301416397095,783.3694610595703,194.26716566085815,2332.8951328992844,2394.7916454076767,14
redis,concurrent_query,20,100,2000,5000,88.16450095176697,22.684867247126594,81.34428144693375,88.16080331802368,813.4393566846848,205.89205026626587,2563.216027021408,2852.9623677730574,15
redis,concurrent_query,20,100,2000,5000,92.75673937797546,21.561775601556864,87.96026328802108,92.7261712551117,879.599244594574,224.10928010940552,2604.6648412942886,2728.9334423542023,16
redis,concurrent_query,20,100,2000,5000,86.1985399723053,23.20224914067662,81.11866266727448,86.19021487236023,811.1831885576248,210.42859554290771,2510.9006226062775,2686.630312204361,17
redis,concurrent_query,20,100,2000,5000,80.98654794692993,24.695459316411284,75.2021958231926,80.98291516304016,752.018396615982,198.22353720664978,2362.474744915962,2445.585995554924,18
redis,concurrent_query,20,100,2000,5000,77.18521785736084,25.91169728504262,71.54822063446045,77.1717882156372,715.4786047935486,191.98157787322998,2347.6173812150955,2414.488925099373,19
redis,concurrent_query,20,100,2000,5000,80.47722959518433,24.851750116901115,75.87424882650376,80.46664237976074,758.7389327287674,197.30582237243652,2361.5645533800125,2429.1994589567184,20
redis,concurrent_query,20,100,2000,5000,85.06684613227844,23.510922185712772,79.914703810215,85.06012201309204,799.1434326171875,201.6609013080597,2387.294627428055,2467.04256772995,21
redis,concurrent_query,20,100,2000,5000,83.25592398643494,24.022314620228876,79.20806884765625,83.24666547775269,792.0769736766815,199.35379028320312,2359.4487076997757,2432.5952668190002,22
redis,concurrent_query,20,100,2000,5000,74.84118962287903,26.723252397214676,68.96943395137787,74.83139896392822,689.6907851696014,190.18998742103577,2338.75952064991,2406.731159210205,23
redis,concurrent_query,20,100,2000,5000,79.94682765007019,25.016627410834406,73.94633767604827,79.9423086643219,739.4597444534302,197.44051694869995,2359.9800062179565,2429.7986166477203,24
redis,concurrent_query,20,100,2000,5000,86.71117925643921,23.065076696572305,80.38147257566452,86.69957184791565,803.8110378980637,202.92130708694458,2346.4240622520447,2413.3271899223328,25
redis,concurrent_query,20,100,2000,5000,83.66475129127502,23.904929724073295,79.29954736232757,83.64318585395813,792.9918096065521,205.60179948806763,2371.283742785454,2434.8777775764465,26
redis,concurrent_query,20,100,2000,5000,86.72221755981445,23.062140893947397,79.61565271615981,86.69389271736145,796.1528868675232,201.68166756629944,2384.3214350938797,2438.764918088913,27
redis,concurrent_query,20,100,2000,5000,82.49075984954834,24.245139742290185,77.79141690731049,82.48670291900635,777.91035425663,195.89980244636536,2391.1857134103775,2464.1971502304077,28
redis,concurrent_query,20,100,2000,5000,82.98581838607788,24.100503422106758,76.04151639938354,82.96096539497375,760.4112776517868,199.34952855110168,2415.7588160037994,2475.746348261833,29
redis,concurrent_query,20,100,2000,5000,88.29589414596558,22.651109877133333,83.80120824575424,88.29278516769409,838.0082212686539,205.5861234664917,2436.0202598571777,2497.504211306572,30
redis,concurrent_query,50,100,5000,5000,222.11845779418945,22.510511056370202,206.501213722229,222.10502076148987,2065.0082846164705,533.6217927932739,6265.966865539551,6430.524971008301,1
redis,concurrent_query,50,100,5000,5000,214.66370010375977,23.292247350545072,198.63823886394502,214.62566304206848,1986.3785335063935,520.6582522392273,6253.634855508804,6421.527578830719,2
redis,concurrent_query,50,100,5000,5000,221.8581826686859,22.536919485484106,205.24502759933472,221.8043200969696,2052.446297121048,522.4385905265808,6247.18008685112,6429.851106739045,3
redis,concurrent_query,50,100,5000,5000,225.3508861064911,22.18762076505533,211.9720530939102,225.34538435935974,2119.7167494773867,544.5590257644653,6482.237481355667,6764.630476427078,4
redis,concurrent_query,50,100,5000,5000,218.64563250541687,22.868053400866017,205.79077983379364,218.6284635066986,2057.903878259659,523.1663608551025,6278.166974067688,6438.720927381515,5
redis,concurrent_query,50,100,5000,5000,219.16494989395142,22.81386691813348,205.1597235918045,219.06259393692017,2051.5933821201324,528.8155364990234,6283.504825592041,6450.787852859497,6
redis,concurrent_query,50,100,5000,5000,219.82037901878357,22.745843776262216,201.8752697324753,219.69109082221985,2018.7487505912782,516.0342383384705,6342.373128890991,6644.711859560013,7
redis,concurrent_query,50,100,5000,5000,225.6582634449005,22.157398198807204,209.84937460899354,225.6121814250946,2098.489665031433,540.8172821998596,6362.346527814865,6537.292881011963,8
redis,concurrent_query,50,100,5000,5000,224.6618299484253,22.255672007780895,210.91972524166107,224.65510439872742,2109.1932748794557,536.6121673583984,6305.610745191574,6499.265965509415,9
redis,concurrent_query,50,100,5000,5000,227.07933521270752,22.01873629459259,210.16827880859375,227.07414650917053,2101.6789090156553,539.6483635902405,6281.6909511089325,6471.003970766067,10
redis,concurrent_query,50,100,5000,5000,227.69124579429626,21.95956187317436,213.32505131721496,227.55065298080444,2133.246238279343,538.617742061615,6318.485142230988,6607.712228584292,11
redis,concurrent_query,50,100,5000,5000,219.75113439559937,22.75301109935989,206.33347061634063,219.70403456687927,2063.330900478363,525.1269483566284,6453.74621796608,6806.124771261215,12
redis,concurrent_query,50,100,5000,5000,221.7156674861908,22.55140584646061,208.03650586128234,221.67166709899902,2080.3609866142274,525.6736493110657,6445.679954051971,6718.126014375686,13
redis,concurrent_query,50,100,5000,5000,219.96163988113403,22.731236240564357,208.31964980602265,219.8674032688141,2083.1924495220183,528.0279231071472,6363.719610929489,6623.0120430469515,14
redis,concurrent_query,50,100,5000,5000,223.5954692363739,22.361812683754568,208.99569029808043,223.56741404533386,2089.952878856659,531.831362247467,6277.413841724396,6450.689672374725,15
redis,concurrent_query,50,100,5000,5000,221.3522846698761,22.588427345382858,206.7283085823059,221.3441081047058,2067.278971529007,531.892831325531,6304.268001079559,6470.779566621781,16
redis,concurrent_query,50,100,5000,5000,224.08324337005615,22.313136514821355,210.13126384735108,224.0780646800995,2101.3084269046785,536.3107180595398,6290.3244433403015,6508.2813607215885,17
redis,concurrent_query,50,100,5000,5000,214.6062731742859,23.298480170425417,201.66059416294098,214.59629130363464,2016.6018251419068,511.5854024887085,6244.828128814697,6473.783580350876,18
redis,concurrent_query,50,100,5000,5000,218.26862955093384,22.907552085185152,205.31840782642365,218.22292613983154,2053.179972934723,521.5934419631958,6123.343492507935,6291.158776569367,19
redis,concurrent_query,50,100,5000,5000,218.38857126235962,22.89497097351896,203.0628023672104,218.34889340400696,2030.6238574028016,517.2210478782654,6108.156339883804,6297.003240776062,20
redis,concurrent_query,50,100,5000,5000,216.10831117630005,23.136546543649708,201.0511027288437,216.07296586036682,2010.5068755149841,513.5700559616089,6099.112429380417,6252.731119775772,21
redis,concurrent_query,50,100,5000,5000,218.9755220413208,22.833602374316968,203.39084976673126,218.91036581993103,2033.904296207428,520.288496017456,6089.3606061935425,6262.040089988708,22
redis,concurrent_query,50,100,5000,5000,213.01283168792725,23.472764341845895,198.59705879211427,212.98944282531738,1985.9663172721862,513.9554333686829,6112.3135759830475,6276.887992191315,23
redis,concurrent_query,50,100,5000,5000,218.54069018363953,22.879034544086526,202.13226089477538,218.53685688972473,2021.3185280323028,516.816976070404,6163.99648308754,6396.393269538879,24
redis,concurrent_query,50,100,5000,5000,214.72553253173828,23.285540108095702,200.09837870121,214.62724542617798,2000.9797770023347,515.5588674545288,6380.464910507202,7067.942642593386,25
redis,concurrent_query,50,100,5000,5000,211.5999138355255,23.62949922506325,198.14339797019957,211.5864474773407,1981.4309064865113,506.46146535873413,6248.80678153038,6600.483137512207,26
redis,concurrent_query,50,100,5000,5000,215.19411396980286,23.234836249757397,199.4124715423584,215.15119624137878,1994.1207203865051,513.1541514396667,6131.772299289703,6347.334417867661,27
redis,concurrent_query,50,100,5000,5000,212.90108489990234,23.485084645532933,198.29199353694915,212.85018062591553,1982.9158277511597,505.1078939437866,6105.40171790123,6334.547675514221,28
redis,concurrent_query,50,100,5000,5000,222.82064485549927,22.439572433885264,210.8705417060852,222.8008279800415,2108.7012897968293,519.7248482704163,6100.600085735321,6301.634584808349,29
redis,concurrent_query,50,100,5000,5000,216.2881817817688,23.11730561887527,202.25277390003205,216.22436356544495,2022.523606109619,516.6320490837097,6104.162849903107,6308.899621152877,30
