database,operation,concurrency,events_per_thread,total_events,total_duration,overall_events_per_second,avg_thread_duration,max_thread_duration,overall_avg_latency_ms,overall_p50_latency_ms,overall_p95_latency_ms,overall_p99_latency_ms,iteration
mongodb,concurrent_insert,1,100,100,0.03399229049682617,2941.843533884158,0.030572175979614258,0.030572175979614258,0.3050422668457031,0.23937225341796875,0.47197341918945307,0.6620669364929345,1
mongodb,concurrent_insert,1,100,100,0.02815723419189453,3551.485182049111,0.026703596115112305,0.026703596115112305,0.26636362075805664,0.23806095123291016,0.38455724716186523,0.5320382118225112,2
mongodb,concurrent_insert,1,100,100,0.02877211570739746,3475.5873018503635,0.027823209762573242,0.027823209762573242,0.27753353118896484,0.2579689025878906,0.3841757774353027,0.45124769210815535,3
mongodb,concurrent_insert,1,100,100,0.029081344604492188,3438.630550272185,0.027790069580078125,0.027790069580078125,0.2772212028503418,0.2428293228149414,0.37848949432373047,0.517010688781741,4
mongodb,concurrent_insert,1,100,100,0.02848362922668457,3510.788572767831,0.02709221839904785,0.02709221839904785,0.2700209617614746,0.24020671844482422,0.42663812637329096,0.5029225349426286,5
mongodb,concurrent_insert,1,100,100,0.029610395431518555,3377.1923185313417,0.028214216232299805,0.028214216232299805,0.2813911437988281,0.25010108947753906,0.43340921401977534,0.5228948593139673,6
mongodb,concurrent_insert,1,100,100,0.030353784561157227,3294.4821031630704,0.028751373291015625,0.028751373291015625,0.28687000274658203,0.24330615997314453,0.4923224449157714,0.87045431137085,7
mongodb,concurrent_insert,1,100,100,0.03061842918395996,3266.006867928642,0.029082536697387695,0.029082536697387695,0.29012203216552734,0.24998188018798828,0.443577766418457,0.9041261672973644,8
mongodb,concurrent_insert,1,100,100,0.03213763236999512,3111.616899736637,0.0311586856842041,0.0311586856842041,0.31067609786987305,0.28061866760253906,0.46335458755493136,0.7362031936645519,9
mongodb,concurrent_insert,1,100,100,0.030905485153198242,3235.6715807663527,0.030014753341674805,0.030014753341674805,0.2993631362915039,0.278472900390625,0.46178102493286133,0.5296111106872563,10
mongodb,concurrent_insert,1,100,100,0.028839826583862305,3467.4272298140754,0.027765989303588867,0.027765989303588867,0.2768254280090332,0.25963783264160156,0.3814697265625,0.4705715179443365,11
mongodb,concurrent_insert,1,100,100,0.028888940811157227,3461.5322400944137,0.027761459350585938,0.027761459350585938,0.2769303321838379,0.25582313537597656,0.39945840835571284,0.4616427421569831,12
mongodb,concurrent_insert,1,100,100,0.02914285659790039,3431.372613184548,0.02799201011657715,0.02799201011657715,0.27920961380004883,0.2588033676147461,0.41599273681640625,0.4808259010314953,13
mongodb,concurrent_insert,1,100,100,0.03301215171813965,3029.187580797758,0.031134605407714844,0.031134605407714844,0.3105330467224121,0.27620792388916016,0.530111789703369,0.6142950057983407,14
mongodb,concurrent_insert,1,100,100,0.030672550201416016,3260.2440730664594,0.029100418090820312,0.029100418090820312,0.2902650833129883,0.2535581588745117,0.4146099090576172,0.5226159095764185,15
mongodb,concurrent_insert,1,100,100,0.029715299606323242,3365.2697877803184,0.028084754943847656,0.028084754943847656,0.2801060676574707,0.24390220642089844,0.45095682144165034,0.546772480010988,16
mongodb,concurrent_insert,1,100,100,0.0327608585357666,3052.423058169407,0.031455278396606445,0.031455278396606445,0.31371355056762695,0.28455257415771484,0.4827022552490232,0.6712412834167516,17
mongodb,concurrent_insert,1,100,100,0.03293919563293457,3035.896841998596,0.032019615173339844,0.032019615173339844,0.31939029693603516,0.28634071350097656,0.5345821380615233,0.7038521766662599,18
mongodb,concurrent_insert,1,100,100,0.0308988094329834,3236.3706510081097,0.0300595760345459,0.0300595760345459,0.2997922897338867,0.26929378509521484,0.44879913330078125,0.5591535568237305,19
mongodb,concurrent_insert,1,100,100,0.031006336212158203,3225.1472510572858,0.03022933006286621,0.03022933006286621,0.3015708923339844,0.27298927307128906,0.452125072479248,0.5779075622558595,20
mongodb,concurrent_insert,1,100,100,0.03084564208984375,3241.949047736829,0.030036449432373047,0.030036449432373047,0.29957056045532227,0.28228759765625,0.41044950485229487,0.49133300781250033,21
mongodb,concurrent_insert,1,100,100,0.02950763702392578,3388.9531689344235,0.0287020206451416,0.0287020206451416,0.2861452102661133,0.2652406692504883,0.4037261009216308,0.5145215988159181,22
mongodb,concurrent_insert,1,100,100,0.02872633934020996,3481.12576460531,0.02785325050354004,0.02785325050354004,0.2776956558227539,0.2607107162475586,0.3983259201049804,0.42111873626709,23
mongodb,concurrent_insert,1,100,100,0.02866387367248535,3488.7119983364523,0.027413606643676758,0.027413606643676758,0.2734375,0.2536773681640625,0.4033327102661133,0.46444654464721824,24
mongodb,concurrent_insert,1,100,100,0.03205728530883789,3119.4157283315235,0.030951499938964844,0.030951499938964844,0.3087282180786133,0.25963783264160156,0.5481839179992676,0.7000565528869678,25
mongodb,concurrent_insert,1,100,100,0.029863357543945312,3348.585297311107,0.028354883193969727,0.028354883193969727,0.2828669548034668,0.25856494903564453,0.35916566848754883,0.5263495445251481,26
mongodb,concurrent_insert,1,100,100,0.03114938735961914,3210.33601224646,0.03021836280822754,0.03021836280822754,0.30138731002807617,0.2626180648803711,0.43162107467651367,0.6870436668396024,27
mongodb,concurrent_insert,1,100,100,0.031069040298461914,3218.6382018678105,0.029868125915527344,0.029868125915527344,0.29770374298095703,0.2720355987548828,0.46571493148803705,0.5585765838623057,28
mongodb,concurrent_insert,1,100,100,0.030855178833007812,3240.9470235519566,0.029670238494873047,0.029670238494873047,0.29595136642456055,0.2728700637817383,0.49346685409545893,0.5739641189575204,29
mongodb,concurrent_insert,1,100,100,0.030851364135742188,3241.3477588871715,0.029875755310058594,0.029875755310058594,0.2980184555053711,0.27167797088623047,0.44752359390258784,0.6140303611755371,30
mongodb,concurrent_insert,5,100,500,0.2429800033569336,2057.7825051121936,0.23606538772583008,0.24035882949829102,2.3595776557922363,2.219080924987793,3.6783051490783683,4.798059463500995,1
mongodb,concurrent_insert,5,100,500,0.23533320426940918,2124.6470575720396,0.22719788551330566,0.2313988208770752,2.270829677581787,2.2150754928588867,3.558630943298339,4.473342418670658,2
mongodb,concurrent_insert,5,100,500,0.24066662788391113,2077.562661663178,0.23400115966796875,0.2386023998260498,2.338836669921875,2.2512435913085938,3.554806709289551,4.236697196960452,3
mongodb,concurrent_insert,5,100,500,0.24109387397766113,2073.8809815065156,0.23526124954223632,0.23893165588378906,2.3515992164611816,2.2675275802612305,3.7265753746032715,4.213251590728762,4
mongodb,concurrent_insert,5,100,500,0.24277567863464355,2059.5143748005203,0.23560786247253418,0.23993706703186035,2.3549680709838867,2.2526979446411133,3.779253959655761,4.4356942176818865,5
mongodb,concurrent_insert,5,100,500,0.2382500171661377,2098.6357354649735,0.23299922943115234,0.2357492446899414,2.3289294242858887,2.262091636657715,3.6575961112976074,4.289510726928712,6
mongodb,concurrent_insert,5,100,500,0.2371068000793457,2108.7543665246185,0.23176589012145996,0.23616814613342285,2.31654691696167,2.2165536880493164,3.621799945831299,4.1867599487304705,7
mongodb,concurrent_insert,5,100,500,0.23622417449951172,2116.6334946850816,0.22830114364624024,0.23311591148376465,2.2819995880126953,2.189302444458008,3.5516953468322754,4.212754726409915,8
mongodb,concurrent_insert,5,100,500,0.23987913131713867,2084.383069317362,0.2337475299835205,0.23664069175720215,2.336395263671875,2.217698097229004,3.7361550331115723,4.722906112670902,9
mongodb,concurrent_insert,5,100,500,0.23457980155944824,2131.47081153655,0.2298494338989258,0.23223233222961426,2.2973580360412598,2.1924495697021484,3.6232614517211914,4.107747554779055,10
mongodb,concurrent_insert,5,100,500,0.2435321807861328,2053.1167519051387,0.2373131275177002,0.24177885055541992,2.372004985809326,2.2921323776245117,3.7149906158447257,4.269322395324707,11
mongodb,concurrent_insert,5,100,500,0.2354133129119873,2123.924062811742,0.22890210151672363,0.23301315307617188,2.2880358695983887,2.1784067153930664,3.76467227935791,4.408970355987551,12
mongodb,concurrent_insert,5,100,500,0.2361762523651123,2117.0629773015207,0.23002271652221679,0.23249244689941406,2.299225330352783,2.194690704345703,3.5767388343811035,4.359226226806643,13
mongodb,concurrent_insert,5,100,500,0.23092126846313477,2165.2401414892715,0.22518706321716309,0.22886323928833008,2.25077486038208,2.169060707092285,3.5488009452819824,4.238629817962648,14
mongodb,concurrent_insert,5,100,500,0.23714184761047363,2108.4427107158835,0.23124432563781738,0.23408222198486328,2.3114004135131836,2.212667465209961,3.648681640625,4.323531627655032,15
mongodb,concurrent_insert,5,100,500,0.2340562343597412,2136.2387606027487,0.22867980003356933,0.23195385932922363,2.285740375518799,2.1524667739868164,3.755362033843994,4.469197750091555,16
mongodb,concurrent_insert,5,100,500,0.23937344551086426,2088.786410426243,0.23244791030883788,0.23786449432373047,2.323370933532715,2.213454246520996,3.6269307136535645,4.249632835388186,17
mongodb,concurrent_insert,5,100,500,0.2350306510925293,2127.382099635825,0.22889862060546876,0.2319164276123047,2.2878952026367188,2.1286725997924805,3.7584829330444336,4.21721935272217,18
mongodb,concurrent_insert,5,100,500,0.23336386680603027,2142.5767701029527,0.22829928398132324,0.2322683334350586,2.2819032669067383,2.2212743759155273,3.443319797515869,4.113067626953129,19
mongodb,concurrent_insert,5,100,500,0.24386811256408691,2050.2885545095746,0.23907694816589356,0.241241455078125,2.389565944671631,2.259945869445801,3.899674415588379,4.677737712860109,20
mongodb,concurrent_insert,5,100,500,0.23440217971801758,2133.0859661863756,0.228257417678833,0.23139739036560059,2.2813477516174316,2.200460433959961,3.580923080444336,4.036807060241701,21
mongodb,concurrent_insert,5,100,500,0.23746848106384277,2105.542587210032,0.23092107772827147,0.2364809513092041,2.3081870079040527,2.2379636764526367,3.7345004081726065,4.30405378341675,22
mongodb,concurrent_insert,5,100,500,0.23631644248962402,2115.807070944518,0.2306993007659912,0.2333204746246338,2.305968761444092,2.2019386291503906,3.6768269538879395,4.454357147216799,23
mongodb,concurrent_insert,5,100,500,0.2361917495727539,2116.9240708214725,0.23132014274597168,0.2347698211669922,2.3121023178100586,2.2397518157958984,3.553042411804199,4.045326232910161,24
mongodb,concurrent_insert,5,100,500,0.23576855659484863,2120.723845543213,0.22910704612731933,0.23249363899230957,2.2900123596191406,2.1953821182250977,3.596372604370117,4.350572109222414,25
mongodb,concurrent_insert,5,100,500,0.23182892799377441,2156.762766092017,0.22543702125549317,0.23014521598815918,2.2533679008483887,2.1789073944091797,3.601090908050537,4.083258152008058,26
mongodb,concurrent_insert,5,100,500,0.2356281280517578,2121.987744562358,0.23044428825378419,0.23416590690612793,2.3034801483154297,2.249002456665039,3.7799930572509766,4.457949638366702,27
mongodb,concurrent_insert,5,100,500,0.24218225479125977,2064.560842539669,0.2368558406829834,0.23984503746032715,2.367497444152832,2.281618118286133,3.7053847312927246,4.428254127502443,28
mongodb,concurrent_insert,5,100,500,0.23571109771728516,2121.2408106456924,0.22975077629089355,0.23352456092834473,2.296339988708496,2.197098731994629,3.626582622528076,4.180144786834719,29
mongodb,concurrent_insert,5,100,500,0.2364802360534668,2114.341597185115,0.23072266578674316,0.23344111442565918,2.3061981201171875,2.195620536804199,3.640592098236084,4.54287910461426,30
mongodb,concurrent_insert,10,100,1000,0.4894068241119385,2043.2898577059425,0.47261998653411863,0.48313069343566895,4.7248992919921875,4.5052289962768555,6.98302149772644,8.129468441009553,1
mongodb,concurrent_insert,10,100,1000,0.48545145988464355,2059.938186688381,0.4697383642196655,0.4812030792236328,4.69616961479187,4.529452323913574,7.172033786773682,8.191179990768438,2
mongodb,concurrent_insert,10,100,1000,0.4899320602416992,2041.0993301942067,0.4751293659210205,0.48560118675231934,4.750006675720215,4.615461826324463,6.976550817489624,8.164080142974857,3
mongodb,concurrent_insert,10,100,1000,0.4818716049194336,2075.241599195692,0.46660194396972654,0.4746677875518799,4.664759635925293,4.555511474609375,7.039945125579834,8.173198699951175,4
mongodb,concurrent_insert,10,100,1000,0.48453259468078613,2063.8446432253086,0.47223496437072754,0.4803647994995117,4.721113681793213,4.619336128234863,6.9991135597229,8.107472896575931,5
mongodb,concurrent_insert,10,100,1000,0.48302531242370605,2070.2848779958094,0.4699910879135132,0.47739696502685547,4.69866943359375,4.5810699462890625,7.0791614055633545,8.21773195266724,6
mongodb,concurrent_insert,10,100,1000,0.4855992794036865,2059.311128360806,0.46952266693115235,0.48156166076660156,4.693874359130859,4.618310928344727,6.881966590881348,7.8388416767120415,7
mongodb,concurrent_insert,10,100,1000,0.4875037670135498,2051.2662007229283,0.4734565019607544,0.4810614585876465,4.733245849609375,4.564428329467773,7.065023183822632,8.043286800384525,8
mongodb,concurrent_insert,10,100,1000,0.487621545791626,2050.7707434800827,0.47157974243164064,0.48278212547302246,4.714549541473389,4.625964164733887,7.00898289680481,7.736617565155034,9
mongodb,concurrent_insert,10,100,1000,0.48511362075805664,2061.372753124026,0.47239222526550295,0.48265814781188965,4.722597122192383,4.565119743347168,6.956534385681152,8.150835752487186,10
mongodb,concurrent_insert,10,100,1000,0.48563361167907715,2059.165543633815,0.47051424980163575,0.4826066493988037,4.703803062438965,4.608523845672607,6.862293481826782,7.887710332870488,11
mongodb,concurrent_insert,10,100,1000,0.4963836669921875,2014.5707171620916,0.48143227100372316,0.49295949935913086,4.813062906265259,4.6700119972229,7.208528518676758,8.377797126770023,12
mongodb,concurrent_insert,10,100,1000,0.4919264316558838,2032.8242917012594,0.4763784646987915,0.48630666732788086,4.762454032897949,4.618966579437256,7.126064300537109,8.367889404296879,13
mongodb,concurrent_insert,10,100,1000,0.4843447208404541,2064.6451937470497,0.46977059841156005,0.48138928413391113,4.696374177932739,4.566776752471924,6.966809034347534,7.946526527404788,14
mongodb,concurrent_insert,10,100,1000,0.4905562400817871,2038.5022517158823,0.4744642019271851,0.4822983741760254,4.743247032165527,4.634690284729004,6.985793113708496,7.944675207138066,15
mongodb,concurrent_insert,10,100,1000,0.5014398097991943,1994.2572976015967,0.48543174266815187,0.4920186996459961,4.8529722690582275,4.69430685043335,7.321517467498779,8.635147571563724,16
mongodb,concurrent_insert,10,100,1000,0.49030518531799316,2039.5460418217651,0.4760481357574463,0.48749470710754395,4.75929856300354,4.661464691162109,7.054872512817383,8.21412825584412,17
mongodb,concurrent_insert,10,100,1000,0.4822525978088379,2073.6021009396286,0.4669752597808838,0.4773294925689697,4.668438911437988,4.56472635269165,6.897480487823486,7.766002893447879,18
mongodb,concurrent_insert,10,100,1000,0.48831987380981445,2047.8380128134395,0.47276575565338136,0.4844086170196533,4.726390600204468,4.601645469665527,6.9239819049835205,7.993469238281254,19
mongodb,concurrent_insert,10,100,1000,0.49876904487609863,2004.935972416681,0.4818772077560425,0.49359560012817383,4.817543029785156,4.705750942230225,7.083795070648193,8.16426181793213,20
mongodb,concurrent_insert,10,100,1000,0.4948899745941162,2020.651157502533,0.48063480854034424,0.4907877445220947,4.8050127029418945,4.713797569274902,6.961174011230469,8.048675060272222,21
mongodb,concurrent_insert,10,100,1000,0.48961687088012695,2042.4132816387985,0.4721685409545898,0.4850149154663086,4.720288276672363,4.590153694152832,7.0996129512786865,8.098852634429937,22
mongodb,concurrent_insert,10,100,1000,0.49322509765625,2027.471847543621,0.4760164499282837,0.4856228828430176,4.758904218673706,4.685020446777344,6.971179246902464,8.028334379196172,23
mongodb,concurrent_insert,10,100,1000,0.49555516242980957,2017.938820568013,0.47850263118743896,0.48779797554016113,4.783726930618286,4.639291763305664,7.011686563491821,8.101345062255865,24
mongodb,concurrent_insert,10,100,1000,0.5223429203033447,1914.4511414441329,0.5023009777069092,0.5119941234588623,5.021539926528931,4.864144325256348,7.697436809539795,8.726621150970464,25
mongodb,concurrent_insert,10,100,1000,0.5228860378265381,1912.462616436776,0.5061753988265991,0.516791582107544,5.060377836227417,4.9012064933776855,7.594385147094727,8.822315454483036,26
mongodb,concurrent_insert,10,100,1000,0.5204215049743652,1921.51936544063,0.5041683673858642,0.5164155960083008,5.040287017822266,4.899585247039795,7.351508140563965,8.348867893218998,27
mongodb,concurrent_insert,10,100,1000,0.5279018878936768,1894.291388102418,0.5126338720321655,0.5207769870758057,5.124895095825195,5.032253265380859,7.636376619338989,8.90327835083008,28
mongodb,concurrent_insert,10,100,1000,0.4926891326904297,2029.6774043691519,0.47905080318450927,0.48966360092163086,4.789218187332153,4.672849178314209,7.131607532501221,8.174897432327274,29
mongodb,concurrent_insert,10,100,1000,0.5177180767059326,1931.5531850127127,0.496673059463501,0.5124986171722412,4.965419769287109,4.6724677085876465,7.965774536132811,11.660192966461215,30
mongodb,concurrent_insert,20,100,2000,0.98636794090271,2027.6409208612642,0.9440971493721009,0.969970703125,9.439540266990662,9.116321802139282,13.7643301486969,16.14928412437448,1
mongodb,concurrent_insert,20,100,2000,0.9609375,2081.3008130081303,0.9301610112190246,0.9527249336242676,9.300205707550049,9.055125713348389,13.653191328048706,15.669289231300358,2
mongodb,concurrent_insert,20,100,2000,0.966914176940918,2068.4359043400473,0.9334267616271973,0.9586961269378662,9.332831621170044,9.143829345703125,13.38238000869751,15.23428606987,3
mongodb,concurrent_insert,20,100,2000,0.963315486907959,2076.163029849734,0.9225160837173462,0.9542980194091797,9.223688006401062,9.063613414764404,13.434444665908813,15.098698973655706,4
mongodb,concurrent_insert,20,100,2000,0.9649960994720459,2072.5472373351663,0.9280068397521972,0.9490773677825928,9.278729319572449,9.172379970550537,13.56294572353363,15.437359809875494,5
mongodb,concurrent_insert,20,100,2000,0.96142578125,2080.2437785678007,0.9262797236442566,0.9482784271240234,9.261401653289795,9.054714441299438,13.321406245231628,15.043831586837774,6
mongodb,concurrent_insert,20,100,2000,0.9593384265899658,2084.7700296016883,0.9200433969497681,0.9489514827728271,9.199076890945435,8.977150917053223,13.604368567466736,15.419338822364812,7
mongodb,concurrent_insert,20,100,2000,0.9572081565856934,2089.409692384868,0.9229344725608826,0.946624755859375,9.227956771850586,9.044361114501953,13.48397970199585,15.339027523994451,8
mongodb,concurrent_insert,20,100,2000,0.955855131149292,2092.367279124462,0.9228307962417602,0.9440219402313232,9.226919412612915,8.999431133270264,13.461318016052246,15.39799845218659,9
mongodb,concurrent_insert,20,100,2000,0.9583566188812256,2086.9058141788355,0.9183411478996277,0.9515745639801025,9.182028412818909,8.990931510925293,13.490795493125916,15.724621057510385,10
mongodb,concurrent_insert,20,100,2000,0.9597964286804199,2083.7752050710465,0.9257468938827514,0.9548745155334473,9.25610625743866,9.074348211288452,13.538667559623718,15.234086751937872,11
mongodb,concurrent_insert,20,100,2000,0.9601631164550781,2082.979408107238,0.9241063594818115,0.949162483215332,9.239683032035828,9.093725681304932,13.320573568344116,15.39118897914887,12
mongodb,concurrent_insert,20,100,2000,0.9516181945800781,2101.6832290418142,0.9198459625244141,0.9358124732971191,9.197104573249817,9.035390615463257,13.41667115688324,14.984488129615789,13
mongodb,concurrent_insert,20,100,2000,0.9620862007141113,2078.8158051903188,0.9296210527420044,0.9498467445373535,9.294744491577148,9.115874767303467,13.558459877967834,15.461441755294809,14
mongodb,concurrent_insert,20,100,2000,0.952139139175415,2100.533333533656,0.9219945192337036,0.9415097236633301,9.218552112579346,9.093695878982544,13.422418236732483,15.579614281654363,15
mongodb,concurrent_insert,20,100,2000,0.9599833488464355,2083.3694692760046,0.9287160515785218,0.9543793201446533,9.285842299461365,9.09816026687622,13.508650064468384,15.031695485115057,16
mongodb,concurrent_insert,20,100,2000,0.9493374824523926,2106.732365431801,0.91686851978302,0.9369146823883057,9.167327523231506,8.959144353866577,13.272113800048828,15.17030394077302,17
mongodb,concurrent_insert,20,100,2000,0.9559104442596436,2092.2462057091634,0.9213498711585999,0.9478161334991455,9.212032675743103,9.06941294670105,13.36749255657196,15.489074230194097,18
mongodb,concurrent_insert,20,100,2000,0.9546892642974854,2094.9224787519884,0.9246225953102112,0.9468803405761719,9.244721174240112,9.062457084655762,13.594337105751038,15.237596750259405,19
mongodb,concurrent_insert,20,100,2000,0.9597012996673584,2083.9817562956505,0.9258647203445435,0.9482524394989014,9.257257342338562,9.084910154342651,13.51371705532074,15.203915834426885,20
mongodb,concurrent_insert,20,100,2000,0.9612443447113037,2080.636428192118,0.9280060052871704,0.9501276016235352,9.278667569160461,9.100782871246338,13.57989251613617,15.668095469474798,21
mongodb,concurrent_insert,20,100,2000,0.9585397243499756,2086.5071620858284,0.9221171140670776,0.9467182159423828,9.219761371612549,9.079456329345703,13.409509658813477,15.187271356582647,22
mongodb,concurrent_insert,20,100,2000,0.9520294666290283,2100.775312219751,0.9198094844818115,0.94071364402771,9.19662630558014,9.068053960800171,13.160852193832397,14.854938149452213,23
mongodb,concurrent_insert,20,100,2000,0.9620232582092285,2078.951816323992,0.9244065761566163,0.9517929553985596,9.242665648460388,9.04417634010315,13.384701013565063,15.238425493240365,24
mongodb,concurrent_insert,20,100,2000,0.9728536605834961,2055.8076523045042,0.9388344645500183,0.9641873836517334,9.387006282806396,9.193700551986694,13.783782124519348,15.393340587615972,25
mongodb,concurrent_insert,20,100,2000,1.0079047679901123,1984.3144546168278,0.9701675653457642,1.0025885105133057,9.700241446495056,9.400951862335205,14.338251948356628,18.137465238571178,26
mongodb,concurrent_insert,20,100,2000,0.979088544845581,2042.716167530521,0.9424618721008301,0.9689126014709473,9.423282027244568,9.240919351577759,13.957570195198059,15.734115839004522,27
mongodb,concurrent_insert,20,100,2000,0.9719953536987305,2057.623004461294,0.9317819714546204,0.9667999744415283,9.316433668136597,9.19787883758545,13.754633069038391,15.71146249771119,28
mongodb,concurrent_insert,20,100,2000,0.9701652526855469,2061.504464794769,0.9320403814315796,0.9562745094299316,9.319046020507812,9.139031171798706,13.737303614616394,15.311122655868536,29
mongodb,concurrent_insert,20,100,2000,0.9862077236175537,2027.9703272488157,0.9502654790878295,0.9800066947937012,9.50126826763153,9.367257356643677,13.899672031402588,16.12921583652497,30
mongodb,concurrent_insert,50,100,5000,2.5220861434936523,1982.4858135392171,2.3091328048706057,2.4878127574920654,23.089882326126098,21.713290214538574,34.745102643966675,42.85932011604368,1
mongodb,concurrent_insert,50,100,5000,2.484673500061035,2012.336832133951,2.3496667194366454,2.4391849040985107,23.49521541595459,23.184340000152588,35.04315900802612,39.98912653923036,2
mongodb,concurrent_insert,50,100,5000,2.4602677822113037,2032.2991001841146,2.3235737895965576,2.4107489585876465,23.234245681762694,22.939786911010742,34.95092058181763,39.85566301345827,3
mongodb,concurrent_insert,50,100,5000,2.4644157886505127,2028.8784153334555,2.3381026649475096,2.4310240745544434,23.379557371139526,22.966911792755127,34.81641101837158,39.82859539985659,4
mongodb,concurrent_insert,50,100,5000,2.52355694770813,1981.3303617106608,2.3641533517837523,2.4671616554260254,23.640104484558105,23.166635036468506,35.289077281951904,42.214921951294066,5
mongodb,concurrent_insert,50,100,5000,2.453369617462158,2038.0133366011744,2.323533687591553,2.411388874053955,23.233907890319824,22.910377979278564,34.885284185409546,40.26619124412539,6
mongodb,concurrent_insert,50,100,5000,2.4470512866973877,2043.275523966703,2.3120202445983886,2.396108627319336,23.1187331199646,22.773213386535645,34.435492753982544,39.709181165695206,7
mongodb,concurrent_insert,50,100,5000,2.448728084564209,2041.8763649251123,2.295990104675293,2.3794503211975098,22.95848217010498,22.74050235748291,34.705575466156006,39.62298378944398,8
mongodb,concurrent_insert,50,100,5000,2.466740608215332,2026.9662660710246,2.320603537559509,2.4255967140197754,23.20460343360901,22.707231044769287,35.16808819770813,40.311497831344624,9
mongodb,concurrent_insert,50,100,5000,2.462015151977539,2030.8567134462603,2.333809771537781,2.4070959091186523,23.336666679382326,23.034164905548096,35.19366669654846,40.04987878799441,10
mongodb,concurrent_insert,50,100,5000,2.467468023300171,2026.3687118881635,2.3274814176559446,2.4061193466186523,23.273353624343873,23.187272548675537,34.70789098739624,39.37079133987428,11
mongodb,concurrent_insert,50,100,5000,2.4806337356567383,2015.6139651451886,2.350438895225525,2.4252376556396484,23.502946853637695,23.24345827102661,35.11147880554199,40.076122426986714,12
mongodb,concurrent_insert,50,100,5000,2.5005311965942383,1999.5751329997709,2.3692743587493896,2.462881088256836,23.69126949310303,23.4163236618042,35.53597617149353,40.71881418228152,13
mongodb,concurrent_insert,50,100,5000,2.4883899688720703,2009.3313598536906,2.3489020347595213,2.430384874343872,23.487572479248048,23.124020099639893,35.603907346725464,40.424190711975115,14
mongodb,concurrent_insert,50,100,5000,2.448957920074463,2041.684734153362,2.319829602241516,2.3978271484375,23.196814727783202,23.019073009490967,34.51231908798218,39.536368608474746,15
mongodb,concurrent_insert,50,100,5000,2.440728187561035,2048.5689580191997,2.3167567348480222,2.406759262084961,23.166119146347047,22.863163948059082,34.372310638427734,38.961836290359514,16
mongodb,concurrent_insert,50,100,5000,2.4823508262634277,2014.219725551959,2.3474365186691286,2.4625661373138428,23.47288784980774,23.088667392730713,35.480334758758545,39.746140432357805,17
mongodb,concurrent_insert,50,100,5000,2.4607222080230713,2031.923792006156,2.3226581239700317,2.413926839828491,23.22519507408142,22.899224758148193,34.903910875320435,40.25308232307436,18
mongodb,concurrent_insert,50,100,5000,2.434119939804077,2054.1304962985723,2.327758369445801,2.4155499935150146,23.276146841049194,22.88806915283203,34.59095621109009,39.54189438819887,19
mongodb,concurrent_insert,50,100,5000,2.4395101070404053,2049.5918363158416,2.3025112533569336,2.4100162982940674,23.02364583015442,22.720372676849365,34.64840006828308,39.64158391952516,20
mongodb,concurrent_insert,50,100,5000,2.4518306255340576,2039.292579156401,2.312298126220703,2.397538900375366,23.121497678756715,22.74409055709839,35.209893226623535,40.21298770904542,21
mongodb,concurrent_insert,50,100,5000,2.5036489963531494,1997.0850575632091,2.35619188785553,2.4596385955810547,23.560478830337523,22.70493745803833,34.72430205345154,42.19261641502402,22
mongodb,concurrent_insert,50,100,5000,2.439218044281006,2049.837246704126,2.3129340982437134,2.389585256576538,23.127905941009523,22.777295112609863,34.25141477584839,39.15213699340822,23
mongodb,concurrent_insert,50,100,5000,2.474560022354126,2020.5612128346536,2.360879030227661,2.4347124099731445,23.607310199737547,23.211781978607178,35.58754587173462,40.474527692794815,24
mongodb,concurrent_insert,50,100,5000,2.461570978164673,2031.2231677869224,2.316125931739807,2.382668972015381,23.159808921813966,22.993485927581787,34.7029504776001,39.080220699310324,25
mongodb,concurrent_insert,50,100,5000,2.4805524349212646,2015.6800274043412,2.3421196031570433,2.415269136428833,23.419765424728393,23.12126398086548,35.44833588600159,40.456507396698015,26
mongodb,concurrent_insert,50,100,5000,2.4484617710113525,2042.0984551189126,2.3166571998596193,2.391296148300171,23.16509141921997,22.982373237609863,34.659120082855225,38.92480545043947,27
mongodb,concurrent_insert,50,100,5000,2.442003011703491,2047.4995223335545,2.313186025619507,2.4021267890930176,23.130408382415773,22.82862901687622,34.22370958328247,39.17197523117067,28
mongodb,concurrent_insert,50,100,5000,2.4440293312072754,2045.8019616033632,2.3189507150650024,2.4019343852996826,23.188027906417847,22.989192008972168,34.550702810287476,38.862609148025534,29
mongodb,concurrent_insert,50,100,5000,2.4343554973602295,2053.9317307689485,2.3157608890533448,2.382124662399292,23.156177759170532,22.743642330169678,34.45571446418762,39.063152599334735,30
postgresql,concurrent_insert,1,100,100,0.2731940746307373,366.04014979155374,0.271453857421875,0.271453857421875,2.6568126678466797,2.1615028381347656,4.889392852783203,6.059880256652833,1
postgresql,concurrent_insert,1,100,100,0.26866722106933594,372.20766866156936,0.2672879695892334,0.2672879695892334,2.6342129707336426,2.143263816833496,4.650831222534179,5.857896804809572,2
postgresql,concurrent_insert,1,100,100,0.2833678722381592,352.8981574733852,0.28235507011413574,0.28235507011413574,2.784290313720703,2.4743080139160156,4.9475908279418945,5.637700557708743,3
postgresql,concurrent_insert,1,100,100,0.26425933837890625,378.4161445852701,0.2625539302825928,0.2625539302825928,2.5856590270996094,2.048015594482422,4.8168182373046875,6.065416336059571,4
postgresql,concurrent_insert,1,100,100,0.27518177032470703,363.396164949454,0.27420854568481445,0.27420854568481445,2.7089762687683105,2.1004676818847656,5.391430854797363,5.977237224578858,5
postgresql,concurrent_insert,1,100,100,0.2817103862762451,354.97448752897606,0.2805485725402832,0.2805485725402832,2.7614259719848633,2.1517276763916016,5.200219154357908,6.31408214569092,6
postgresql,concurrent_insert,1,100,100,0.26849913597106934,372.4406770931842,0.2674572467803955,0.2674572467803955,2.6371097564697266,2.129673957824707,5.086266994476318,5.990459918975831,7
postgresql,concurrent_insert,1,100,100,0.2709324359893799,369.09571065134423,0.26990747451782227,0.26990747451782227,2.659430503845215,2.1054744720458984,4.969620704650879,5.915865898132325,8
postgresql,concurrent_insert,1,100,100,0.2791407108306885,358.24226320271333,0.27808380126953125,0.27808380126953125,2.745354175567627,2.216339111328125,5.306267738342285,6.483597755432129,9
postgresql,concurrent_insert,1,100,100,0.2640388011932373,378.73221491721137,0.2630894184112549,0.2630894184112549,2.598137855529785,2.0363330841064453,4.893159866333008,6.044342517852784,10
postgresql,concurrent_insert,1,100,100,0.28154873847961426,355.1782918297131,0.2804598808288574,0.2804598808288574,2.767641544342041,2.177000045776367,5.202364921569824,6.051406860351566,11
postgresql,concurrent_insert,1,100,100,0.2734813690185547,365.6556216566818,0.27205801010131836,0.27205801010131836,2.684624195098877,2.2832155227661133,5.2709221839904785,5.887243747711184,12
postgresql,concurrent_insert,1,100,100,0.26857900619506836,372.32992040848575,0.267611026763916,0.267611026763916,2.642989158630371,2.1924972534179688,5.024158954620361,6.044690608978272,13
postgresql,concurrent_insert,1,100,100,0.2835214138031006,352.70704479996635,0.2824375629425049,0.2824375629425049,2.787034511566162,2.3713111877441406,5.074799060821532,6.152987480163577,14
postgresql,concurrent_insert,1,100,100,0.26843976974487305,372.5230434187925,0.2670466899871826,0.2670466899871826,2.6340770721435547,2.251744270324707,4.875648021697998,5.895397663116456,15
postgresql,concurrent_insert,1,100,100,0.2729685306549072,366.34259546358544,0.27164649963378906,0.27164649963378906,2.673459053039551,2.201676368713379,5.132722854614257,6.317226886749269,16
postgresql,concurrent_insert,1,100,100,0.29558777809143066,338.3089809926721,0.29404473304748535,0.29404473304748535,2.8884482383728027,2.2199153900146484,6.024301052093506,6.67224407196045,17
postgresql,concurrent_insert,1,100,100,0.270352840423584,369.88699598392157,0.26848340034484863,0.26848340034484863,2.6416802406311035,2.2040605545043945,5.119717121124268,6.09794139862061,18
postgresql,concurrent_insert,1,100,100,0.26996803283691406,370.41422626659414,0.2686119079589844,0.2686119079589844,2.649874687194824,2.0411014556884766,5.29179573059082,5.970516204833985,19
postgresql,concurrent_insert,1,100,100,0.2914314270019531,343.13389269212144,0.29001522064208984,0.29001522064208984,2.851874828338623,2.491593360900879,5.559432506561278,6.218218803405763,20
postgresql,concurrent_insert,1,100,100,0.2787206172943115,358.7822134248729,0.27751874923706055,0.27751874923706055,2.7361607551574707,2.194046974182129,4.893887042999267,6.327524185180664,21
postgresql,concurrent_insert,1,100,100,0.2712268829345703,368.69501620945,0.2701733112335205,0.2701733112335205,2.660846710205078,2.0444393157958984,4.928064346313477,5.7911133766174325,22
postgresql,concurrent_insert,1,100,100,0.28253626823425293,353.9368613628366,0.2814509868621826,0.2814509868621826,2.774026393890381,2.281785011291504,4.95859384536743,5.744435787200928,23
postgresql,concurrent_insert,1,100,100,0.27773308753967285,360.0579278683008,0.2766909599304199,0.2766909599304199,2.7243614196777344,2.349853515625,4.899585247039794,5.951297283172609,24
postgresql,concurrent_insert,1,100,100,0.2703986167907715,369.8243770136509,0.26937389373779297,0.26937389373779297,2.6552224159240723,2.1851062774658203,5.108690261840819,5.941727161407472,25
postgresql,concurrent_insert,1,100,100,0.28589892387390137,349.7739643263086,0.284468412399292,0.284468412399292,2.803316116333008,2.5424957275390625,5.155670642852782,5.858924388885499,26
postgresql,concurrent_insert,1,100,100,0.2628660202026367,380.42193480508644,0.2618701457977295,0.2618701457977295,2.583284378051758,2.050042152404785,4.557228088378905,5.801517963409425,27
postgresql,concurrent_insert,1,100,100,0.27855372428894043,358.997174621407,0.2771472930908203,0.2771472930908203,2.732231616973877,2.1497011184692383,5.029606819152831,5.913743972778324,28
postgresql,concurrent_insert,1,100,100,0.28363561630249023,352.5650315133644,0.28257155418395996,0.28257155418395996,2.7878928184509277,2.4400949478149414,4.839396476745605,5.882318019866944,29
postgresql,concurrent_insert,1,100,100,0.26708388328552246,374.414205641515,0.2661595344543457,0.2661595344543457,2.622838020324707,2.120852470397949,4.868042469024658,5.833711624145509,30
postgresql,concurrent_insert,5,100,500,0.47373414039611816,1055.4443038070242,0.46844987869262694,0.4718639850616455,4.626733779907227,3.5435914993286133,8.796496391296387,10.484045982360845,1
postgresql,concurrent_insert,5,100,500,0.47786474227905273,1046.321177861708,0.47362356185913085,0.47569751739501953,4.684176445007324,3.650069236755371,8.727600574493408,10.000475406646732,2
postgresql,concurrent_insert,5,100,500,0.4686717987060547,1066.8446477480375,0.4642047882080078,0.46682024002075195,4.587851524353027,3.6373376846313477,8.286521434783936,10.57553386688233,3
postgresql,concurrent_insert,5,100,500,0.4702036380767822,1063.3690586595421,0.46329679489135744,0.4668612480163574,4.551494121551514,3.567218780517578,8.527188301086426,9.882761001586918,4
postgresql,concurrent_insert,5,100,500,0.4714391231536865,1060.5823221782184,0.46509108543395994,0.46880650520324707,4.581986904144287,3.677797317504883,8.54339599609375,10.052019119262699,5
postgresql,concurrent_insert,5,100,500,0.4638369083404541,1077.9651015459995,0.45972728729248047,0.46169281005859375,4.556757926940918,3.59346866607666,8.681643009185791,10.118130683898928,6
postgresql,concurrent_insert,5,100,500,0.47846460342407227,1045.0093829759032,0.4751723766326904,0.47690486907958984,4.697292327880859,3.801107406616211,8.46949815750122,10.027782917022716,7
postgresql,concurrent_insert,5,100,500,0.47577643394470215,1050.913757653901,0.47206912040710447,0.4745502471923828,4.6703267097473145,3.686642646789551,8.5788893699646,9.498104572296155,8
postgresql,concurrent_insert,5,100,500,0.4832184314727783,1034.728742602127,0.4786728858947754,0.4812195301055908,4.730814456939697,3.7253856658935547,8.81251335144043,10.33114337921143,9
postgresql,concurrent_insert,5,100,500,0.4786031246185303,1044.7069278925499,0.474501895904541,0.4765911102294922,4.692601203918457,3.798055648803711,8.601689338684082,9.913599967956547,10
postgresql,concurrent_insert,5,100,500,0.49713563919067383,1005.7617289599058,0.48839664459228516,0.49332094192504883,4.815443992614746,3.9695262908935547,8.756272792816162,10.25102281570435,11
postgresql,concurrent_insert,5,100,500,0.49188780784606934,1016.4919561423025,0.48443331718444826,0.49050259590148926,4.802723407745361,4.025459289550781,8.706190586090088,9.943535327911379,12
postgresql,concurrent_insert,5,100,500,0.48988914489746094,1020.6390674458715,0.48302745819091797,0.4872775077819824,4.781233787536621,3.7969112396240234,8.709838390350342,10.40157747268677,13
postgresql,concurrent_insert,5,100,500,0.48599696159362793,1028.8130163621904,0.4800267696380615,0.4837532043457031,4.753859043121338,3.9608001708984375,8.588371276855469,10.437562942504883,14
postgresql,concurrent_insert,5,100,500,0.4844856262207031,1032.0223613243572,0.4783888816833496,0.4822421073913574,4.738658905029297,3.9333581924438477,8.798067569732666,10.39789867401123,15
postgresql,concurrent_insert,5,100,500,0.47184085845947266,1059.6793199140595,0.4680631637573242,0.46915340423583984,4.640139579772949,3.782773017883301,8.754732608795166,10.219336509704593,16
postgresql,concurrent_insert,5,100,500,0.48440051078796387,1032.2037009966418,0.48003458976745605,0.4823126792907715,4.74833869934082,3.742504119873047,8.989460468292236,10.069954872131351,17
postgresql,concurrent_insert,5,100,500,0.48602890968322754,1028.7453894993164,0.4812771320343018,0.4841904640197754,4.752331733703613,3.803539276123047,8.764925003051758,10.593164443969732,18
postgresql,concurrent_insert,5,100,500,0.48532867431640625,1030.2296700359989,0.48079538345336914,0.4835810661315918,4.751205921173096,3.7784576416015625,8.815200328826904,10.271138668060313,19
postgresql,concurrent_insert,5,100,500,0.4820265769958496,1037.2872033657702,0.47797188758850095,0.4810798168182373,4.723087787628174,3.7044525146484375,9.104421138763428,10.124586105346694,20
postgresql,concurrent_insert,5,100,500,0.47414255142211914,1054.535178292531,0.4700612545013428,0.47150754928588867,4.656460762023926,3.862881660461426,8.923208713531494,9.674248218536379,21
postgresql,concurrent_insert,5,100,500,0.4685378074645996,1067.1497412463934,0.4651148796081543,0.46721434593200684,4.610708713531494,3.7135839462280273,8.80467176437378,10.489164829254161,22
postgresql,concurrent_insert,5,100,500,0.4814872741699219,1038.4490449139987,0.47670822143554686,0.4798696041107178,4.728095054626465,3.9226531982421875,8.97287368774414,9.884268283843998,23
postgresql,concurrent_insert,5,100,500,0.4729185104370117,1057.2646004868004,0.4697673797607422,0.47119641304016113,4.661993503570557,3.8201332092285156,8.809354305267334,9.79962778091431,24
postgresql,concurrent_insert,5,100,500,0.48206067085266113,1037.2138409789957,0.4768994808197021,0.4797096252441406,4.709555625915527,3.725266456604004,8.545989990234375,10.276190757751468,25
postgresql,concurrent_insert,5,100,500,0.4779479503631592,1046.1390191548787,0.4730524063110352,0.47577333450317383,4.669051647186279,3.6427974700927734,8.834824562072754,10.02356243133545,26
postgresql,concurrent_insert,5,100,500,0.47801828384399414,1045.9850949198835,0.47439136505126955,0.47704100608825684,4.702236652374268,3.614020347595215,8.822441101074219,10.307863235473636,27
postgresql,concurrent_insert,5,100,500,0.4899418354034424,1020.529303418793,0.4858123302459717,0.48809003829956055,4.812044620513916,3.9003372192382812,9.05306339263916,10.343043327331552,28
postgresql,concurrent_insert,5,100,500,0.4825139045715332,1036.239567943631,0.47689056396484375,0.48065757751464844,4.718112468719482,3.8492918014526367,8.70823621749878,10.132647514343262,29
postgresql,concurrent_insert,5,100,500,0.4918804168701172,1016.5072299107749,0.48436551094055175,0.49010753631591797,4.77736759185791,3.8780927658081055,8.874232769012451,9.958852291107187,30
postgresql,concurrent_insert,10,100,1000,0.5165116786956787,1936.0646452859505,0.5072674036026001,0.5148208141326904,4.978617906570435,4.493510723114014,8.78056526184082,10.055645704269418,1
postgresql,concurrent_insert,10,100,1000,0.4911353588104248,2036.0985664361294,0.47966110706329346,0.4884202480316162,4.729496717453003,3.8745999336242676,8.776471614837646,9.981118440628055,2
postgresql,concurrent_insert,10,100,1000,0.5030562877655029,1987.8491220969388,0.49230074882507324,0.5003080368041992,4.849084854125977,4.309296607971191,8.55239748954773,9.720941543579112,3
postgresql,concurrent_insert,10,100,1000,0.5212726593017578,1918.38183368277,0.5100444316864013,0.5178909301757812,5.003849506378174,4.40523624420166,8.90899658203125,12.07618165016175,4
postgresql,concurrent_insert,10,100,1000,0.5026571750640869,1989.4274857859211,0.49198322296142577,0.4999070167541504,4.842966318130493,4.243779182434082,8.639483451843262,9.772508382797241,5
postgresql,concurrent_insert,10,100,1000,0.5083291530609131,1967.2292922380748,0.5009819030761719,0.5050795078277588,4.924678325653076,4.291713237762451,8.927692174911499,10.368379592895511,6
postgresql,concurrent_insert,10,100,1000,0.49164414405822754,2033.9914795803318,0.47667362689971926,0.48952150344848633,4.677527666091919,3.9677858352661133,8.48151445388794,9.71405053138734,7
postgresql,concurrent_insert,10,100,1000,0.5033895969390869,1986.5329082694689,0.49261176586151123,0.5003738403320312,4.859323263168335,4.1820526123046875,8.728702068328857,9.805738210678104,8
postgresql,concurrent_insert,10,100,1000,0.5022430419921875,1991.067902172262,0.49228620529174805,0.49858808517456055,4.8320066928863525,4.167938232421875,8.836300373077393,10.568052053451547,9
postgresql,concurrent_insert,10,100,1000,0.5125565528869629,1951.0042245436591,0.49865381717681884,0.5079472064971924,4.883254766464233,4.149913787841797,8.712595701217651,10.353583574295047,10
postgresql,concurrent_insert,10,100,1000,0.5129818916320801,1949.3865501147518,0.5048486471176148,0.510080099105835,4.957667350769043,4.2702436447143555,8.724157810211182,9.886519670486456,11
postgresql,concurrent_insert,10,100,1000,0.5151629447937012,1941.1334027536734,0.500508713722229,0.5127973556518555,4.892390489578247,3.9903998374938965,8.775843381881714,10.03146243095399,12
postgresql,concurrent_insert,10,100,1000,0.5044901371002197,1982.1993067058604,0.49460549354553224,0.5014045238494873,4.875928640365601,4.33279275894165,8.756810426712036,9.958548784255985,13
postgresql,concurrent_insert,10,100,1000,0.5196990966796875,1924.1903755248245,0.5120991468429565,0.5165975093841553,5.02457594871521,4.311370849609375,8.922951221466064,10.267653942108163,14
postgresql,concurrent_insert,10,100,1000,0.6616261005401611,1511.4276767249441,0.6512094259262085,0.6586184501647949,6.342990398406982,4.1637420654296875,10.12263655662536,42.93049502372742,15
postgresql,concurrent_insert,10,100,1000,0.5139386653900146,1945.7574752448836,0.5066468715667725,0.511115550994873,4.991755485534668,4.526960849761963,8.720827102661133,10.124715328216555,16
postgresql,concurrent_insert,10,100,1000,0.5039098262786865,1984.482039941312,0.4905833721160889,0.5011796951293945,4.7513556480407715,3.8324594497680664,8.559008836746216,10.847608804702796,17
postgresql,concurrent_insert,10,100,1000,0.5140523910522461,1945.3270083094785,0.5054356575012207,0.5118567943572998,4.985879182815552,4.305052757263184,8.8095223903656,10.190568447113037,18
postgresql,concurrent_insert,10,100,1000,0.5012662410736084,1994.9478302353002,0.49307894706726074,0.497239351272583,4.8265180587768555,3.9294838905334473,8.80385160446167,10.227644205093393,19
postgresql,concurrent_insert,10,100,1000,0.5091264247894287,1964.1486894214797,0.5012280941009521,0.507596492767334,4.920011758804321,4.46317195892334,8.869208097457886,9.988362550735477,20
postgresql,concurrent_insert,10,100,1000,0.5067601203918457,1973.3202352757414,0.4947383880615234,0.5031826496124268,4.861272096633911,4.0924787521362305,8.78101110458374,10.08054924011232,21
postgresql,concurrent_insert,10,100,1000,0.501636266708374,1993.4762822508394,0.49048504829406736,0.49861741065979004,4.829497337341309,4.091095924377441,8.834257125854492,10.561562538146978,22
postgresql,concurrent_insert,10,100,1000,0.5115561485290527,1954.8196280612335,0.5032978296279907,0.5093975067138672,4.928217172622681,4.4161200523376465,8.798772096633911,9.825919628143314,23
postgresql,concurrent_insert,10,100,1000,0.498734712600708,2005.0739897076505,0.4860445261001587,0.4946722984313965,4.7335524559021,3.7688136100769043,8.742932081222534,10.199245214462291,24
postgresql,concurrent_insert,10,100,1000,0.516024112701416,1937.893938259866,0.504144835472107,0.5121273994445801,4.953291654586792,4.363441467285156,8.74307632446289,10.265841722488403,25
postgresql,concurrent_insert,10,100,1000,0.5084695816040039,1966.6859851191648,0.49756669998168945,0.5055527687072754,4.89161229133606,4.367327690124512,8.642699718475342,10.161166429519657,26
postgresql,concurrent_insert,10,100,1000,0.5013430118560791,1994.6423433684377,0.48747546672821046,0.4963812828063965,4.74915623664856,4.013919830322266,8.571697473526001,9.595839738845829,27
postgresql,concurrent_insert,10,100,1000,0.5383503437042236,1857.5264448041523,0.522843313217163,0.5352411270141602,5.165855169296265,4.676413536071777,8.834255933761597,10.154867649078373,28
postgresql,concurrent_insert,10,100,1000,0.5294551849365234,1888.7339824991805,0.5169366598129272,0.5254995822906494,5.084024667739868,4.497337341308594,9.073907136917114,10.12943696975708,29
postgresql,concurrent_insert,10,100,1000,0.46526360511779785,2149.31920098675,0.45589237213134765,0.4619557857513428,4.457245349884033,3.950047492980957,9.032496213912962,11.872636079788219,30
postgresql,concurrent_insert,20,100,2000,0.5260841846466064,3801.6729230198903,0.5062530755996704,0.5223438739776611,4.961122751235962,4.805344343185425,7.209416627883911,8.504133820533756,1
postgresql,concurrent_insert,20,100,2000,0.5347998142242432,3739.71708068207,0.5125745058059692,0.5322954654693604,5.008641958236694,4.838842153549194,7.282499074935913,8.918406367301946,2
postgresql,concurrent_insert,20,100,2000,0.5301344394683838,3772.6279432168003,0.5115371584892273,0.5252749919891357,5.00098180770874,4.780673980712891,7.392493486404419,9.28505814075471,3
postgresql,concurrent_insert,20,100,2000,0.5275669097900391,3790.9883332067952,0.5039660930633545,0.5222196578979492,4.933019757270813,4.805201292037964,7.257633209228516,8.454955697059637,4
postgresql,concurrent_insert,20,100,2000,0.5358860492706299,3732.136715859853,0.512468683719635,0.5288288593292236,5.004224181175232,4.789340496063232,7.401909232139587,9.148138761520395,5
postgresql,concurrent_insert,20,100,2000,0.5771288871765137,3465.4304167386167,0.5512585043907166,0.5729546546936035,5.391618728637695,5.040991306304932,8.695858120918274,10.713292002677928,6
postgresql,concurrent_insert,20,100,2000,0.629925012588501,3174.981085100206,0.6087928652763367,0.6273744106292725,5.947508931159973,5.67936897277832,8.903604745864868,11.275421977043171,7
postgresql,concurrent_insert,20,100,2000,0.5786275863647461,3456.4546301103446,0.5564481616020203,0.5704505443572998,5.456813216209412,5.291610956192017,7.999144792556763,9.263781785964978,8
postgresql,concurrent_insert,20,100,2000,0.5387792587280273,3712.0953852635007,0.5179748773574829,0.5338375568389893,5.0671645402908325,4.855877161026001,7.510257959365845,9.069437146186834,9
postgresql,concurrent_insert,20,100,2000,0.5057871341705322,3954.232650223317,0.4855424761772156,0.5019388198852539,4.740902543067932,4.567939043045044,7.0137810707092285,8.114591956138616,10
postgresql,concurrent_insert,20,100,2000,0.5113613605499268,3911.128517510916,0.4926408052444458,0.5056676864624023,4.824079275131226,4.641318321228027,7.2561341524124146,8.337064623832708,11
postgresql,concurrent_insert,20,100,2000,0.5183625221252441,3858.3036285111098,0.5000789046287537,0.5139203071594238,4.878499627113342,4.716312885284424,7.209110260009766,8.663781046867381,12
postgresql,concurrent_insert,20,100,2000,0.5209851264953613,3838.881185445526,0.4990979075431824,0.5141394138336182,4.869213581085205,4.659724235534668,7.191835641860962,8.523672223091134,13
postgresql,concurrent_insert,20,100,2000,0.5112631320953369,3911.8799585710267,0.4912697792053223,0.505643367767334,4.82851254940033,4.674029350280762,7.1233320236206055,8.422375679016117,14
postgresql,concurrent_insert,20,100,2000,0.5150837898254395,3882.8634088403264,0.49582992792129515,0.5091192722320557,4.861829400062561,4.6845972537994385,7.316526174545288,9.201040863990789,15
postgresql,concurrent_insert,20,100,2000,0.5201971530914307,3844.6961658947735,0.4989926338195801,0.5122325420379639,4.883525609970093,4.711276292800903,7.241573333740234,8.59359455108643,16
postgresql,concurrent_insert,20,100,2000,0.5088121891021729,3930.723443416539,0.4906126856803894,0.503673791885376,4.810873627662659,4.647207260131836,7.233535051345825,8.276344895362863,17
postgresql,concurrent_insert,20,100,2000,0.5198326110839844,3847.3923285218425,0.49481767416000366,0.5102918148040771,4.860432744026184,4.7498345375061035,7.06676185131073,8.38643848896027,18
postgresql,concurrent_insert,20,100,2000,0.5074462890625,3941.303824873707,0.4900722146034241,0.500091552734375,4.812866687774658,4.665881395339966,7.113478183746338,8.28594017028809,19
postgresql,concurrent_insert,20,100,2000,0.5190603733062744,3853.1163287625677,0.49662413597106936,0.5118916034698486,4.865701794624329,4.676640033721924,7.204396724700928,8.890158772468578,20
postgresql,concurrent_insert,20,100,2000,0.5119223594665527,3906.84244009989,0.4939576148986816,0.5060091018676758,4.837692499160767,4.618728160858154,7.188124656677246,8.778155446052557,21
postgresql,concurrent_insert,20,100,2000,0.5115103721618652,3909.9891397062593,0.4916272282600403,0.5085480213165283,4.816707015037537,4.648435115814209,7.1205854415893555,8.524560213088998,22
postgresql,concurrent_insert,20,100,2000,0.5094661712646484,3925.67772465716,0.48972220420837403,0.5033235549926758,4.792595028877258,4.568445682525635,7.197945713996887,8.50580871105195,23
postgresql,concurrent_insert,20,100,2000,0.5294091701507568,3777.796292101384,0.5045216679573059,0.5217576026916504,4.950044870376587,4.779410362243652,7.2934770584106445,8.547492861747749,24
postgresql,concurrent_insert,20,100,2000,0.5083646774291992,3934.1836457127633,0.4892422556877136,0.5047972202301025,4.784013986587524,4.641580581665039,6.974549889564514,8.308418154716497,25
postgresql,concurrent_insert,20,100,2000,0.5076606273651123,3939.6397754549303,0.4862985372543335,0.5026650428771973,4.757273197174072,4.613804817199707,7.067640423774719,8.031932473182684,26
postgresql,concurrent_insert,20,100,2000,0.5086438655853271,3932.024222288574,0.4899312138557434,0.5036766529083252,4.7913254499435425,4.592913389205933,7.233665585517883,8.457458496093754,27
postgresql,concurrent_insert,20,100,2000,0.510770320892334,3915.654293510885,0.4940692186355591,0.5075192451477051,4.852673768997192,4.652667045593262,7.092105150222778,8.497082710266117,28
postgresql,concurrent_insert,20,100,2000,0.5126745700836182,3901.1102104670344,0.49320363998413086,0.5104563236236572,4.8300940990448,4.609239101409912,7.247743010520935,9.042603135108966,29
postgresql,concurrent_insert,20,100,2000,0.5068011283874512,3946.3211267181578,0.4883964776992798,0.5014655590057373,4.786338567733765,4.578554630279541,7.126883864402771,8.413938760757455,30
postgresql,concurrent_insert,50,100,5000,1.2791085243225098,3908.972463965316,1.224724416732788,1.2736904621124268,12.060596609115601,11.532907485961914,19.285865306854248,22.6785487174988,1
postgresql,concurrent_insert,50,100,5000,1.2727184295654297,3928.598725255556,1.2192667818069458,1.267134189605713,12.001466608047485,11.472082138061523,19.32365584373474,24.18509464263918,2
postgresql,concurrent_insert,50,100,5000,1.2733738422393799,3926.576653409892,1.2176526069641114,1.2540972232818604,11.998386859893799,11.427333354949951,19.35219407081604,22.75563564300538,3
postgresql,concurrent_insert,50,100,5000,1.277822732925415,3912.9058132759355,1.2225484895706176,1.2635531425476074,12.013115835189819,11.549620628356934,19.246572971343994,23.07199969291689,4
postgresql,concurrent_insert,50,100,5000,1.273437738418579,3926.379632984066,1.2174572610855103,1.2569177150726318,11.995287370681762,11.4369535446167,19.276020288467407,23.293959379196185,5
postgresql,concurrent_insert,50,100,5000,1.2809762954711914,3903.272853429978,1.229573564529419,1.2709217071533203,12.0944815158844,11.608264446258545,19.434001922607422,23.25273694992068,6
postgresql,concurrent_insert,50,100,5000,1.2766163349151611,3916.603495702787,1.2177885627746583,1.2687461376190186,11.977199363708497,11.537365913391113,18.918758153915405,22.62194762229922,7
postgresql,concurrent_insert,50,100,5000,1.275721788406372,3919.3498499747234,1.2171677923202515,1.260694980621338,11.968412399291992,11.429390907287598,19.003530263900757,22.849696350097673,8
postgresql,concurrent_insert,50,100,5000,1.278867244720459,3909.709956714799,1.2208387660980224,1.2618443965911865,12.00917420387268,11.458261013031006,19.261971712112427,23.800457239151015,9
postgresql,concurrent_insert,50,100,5000,1.2739818096160889,3924.70281934931,1.2147676897048951,1.2652339935302734,11.941921043395997,11.349191665649414,19.303375005722046,23.916538190841692,10
postgresql,concurrent_insert,50,100,5000,1.2701659202575684,3936.4935873780046,1.2191458225250245,1.2582879066467285,11.988502788543702,11.493940353393555,19.05334496498108,22.777128124237088,11
postgresql,concurrent_insert,50,100,5000,1.2798500061035156,3906.7077986915247,1.2209854984283448,1.2701892852783203,12.011979007720948,11.4634370803833,19.62882399559021,23.206315517425555,12
postgresql,concurrent_insert,50,100,5000,1.2748761177062988,3921.9496942148235,1.2208575439453124,1.2584397792816162,11.997647666931153,11.4430832862854,19.095674991607666,22.697246408462547,13
postgresql,concurrent_insert,50,100,5000,1.277202844619751,3914.8049356941424,1.2218969011306762,1.2686538696289062,12.023410081863403,11.593871116638184,19.015916109085083,22.97762475013735,14
postgresql,concurrent_insert,50,100,5000,1.270057201385498,3936.830557352479,1.2209002685546875,1.258631706237793,12.010734033584594,11.502094268798828,19.207874536514282,23.14726219177248,15
postgresql,concurrent_insert,50,100,5000,1.2703728675842285,3935.8523214590687,1.2140086126327514,1.2612130641937256,11.959560823440551,11.432573795318604,19.02482271194458,23.18023214340211,16
postgresql,concurrent_insert,50,100,5000,1.3574612140655518,3683.3464913705816,1.2840718364715575,1.340390920639038,12.241136026382446,11.529388427734375,19.5347683429718,24.669065952301086,17
postgresql,concurrent_insert,50,100,5000,1.2984974384307861,3850.6044386521253,1.2385672330856323,1.2913832664489746,12.181270980834961,11.633350849151611,19.603997945785522,23.38613233566286,18
postgresql,concurrent_insert,50,100,5000,1.295501947402954,3859.507899639456,1.2393323469161988,1.280432939529419,12.165257358551026,11.50604248046875,19.776123762130737,24.060500955581684,19
postgresql,concurrent_insert,50,100,5000,1.2888245582580566,3879.5039774520405,1.23731388092041,1.275162696838379,12.190413188934325,11.6573166847229,19.404119729995728,23.5077867984772,20
postgresql,concurrent_insert,50,100,5000,1.2841880321502686,3893.510821486092,1.2280469131469727,1.270660400390625,12.089320421218872,11.539828777313232,19.493586778640747,23.581117439270045,21
postgresql,concurrent_insert,50,100,5000,1.2920501232147217,3869.8189103992413,1.2299053907394408,1.2728271484375,12.106635141372681,11.565515995025635,19.53932023048401,23.64239544868471,22
postgresql,concurrent_insert,50,100,5000,1.2840611934661865,3893.8954198148704,1.2246958494186402,1.2688579559326172,12.044805812835694,11.515731811523438,19.298583984375,23.412766599655164,23
postgresql,concurrent_insert,50,100,5000,1.2827355861663818,3897.9194573864866,1.224220838546753,1.2759552001953125,12.037831544876099,11.4900803565979,19.286466360092163,23.778384447097807,24
postgresql,concurrent_insert,50,100,5000,1.2893335819244385,3877.972365023705,1.2286258459091186,1.2693278789520264,12.085150003433228,11.543538570404053,19.31160283088684,23.456743240356467,25
postgresql,concurrent_insert,50,100,5000,1.2785015106201172,3910.8283865654785,1.2200853824615479,1.2599687576293945,11.994871759414673,11.396174430847168,19.181148052215576,23.35124163627627,26
postgresql,concurrent_insert,50,100,5000,1.2756178379058838,3919.6692390318426,1.2209244251251221,1.2618482112884521,12.006640625,11.36932373046875,19.141059637069702,23.19304890632633,27
postgresql,concurrent_insert,50,100,5000,1.2801573276519775,3905.7699331150457,1.2225763416290283,1.2667267322540283,12.0311710357666,11.454789638519287,19.22918677330017,23.281746292114278,28
postgresql,concurrent_insert,50,100,5000,1.277202844619751,3914.8049356941424,1.216080665588379,1.2640845775604248,11.949478054046631,11.397626399993896,19.574477434158325,23.256474304199227,29
postgresql,concurrent_insert,50,100,5000,1.2888574600219727,3879.404942044374,1.2301463651657105,1.2785215377807617,12.0851646900177,11.488423347473145,19.517943382263184,23.543789625167868,30
redis,concurrent_insert,1,100,100,0.041385650634765625,2416.296432850954,0.039942026138305664,0.039942026138305664,0.39849281311035156,0.3687143325805664,0.5337834358215332,0.6909251213073734,1
redis,concurrent_insert,1,100,100,0.04041028022766113,2474.617830824872,0.03963041305541992,0.03963041305541992,0.39538145065307617,0.36323070526123047,0.5625486373901366,0.6439304351806643,2
redis,concurrent_insert,1,100,100,0.04350423812866211,2298.6266235545568,0.042278289794921875,0.042278289794921875,0.42151689529418945,0.38564205169677734,0.5802869796752927,0.7128143310546878,3
redis,concurrent_insert,1,100,100,0.041657447814941406,2400.5311233717175,0.0403439998626709,0.0403439998626709,0.4025077819824219,0.3654956817626953,0.5745768547058105,0.6476378440856937,4
redis,concurrent_insert,1,100,100,0.04205965995788574,2377.575094523584,0.04091167449951172,0.04091167449951172,0.40807485580444336,0.3898143768310547,0.5096912384033203,0.593018531799317,5
redis,concurrent_insert,1,100,100,0.04151463508605957,2408.789088298636,0.04023289680480957,0.04023289680480957,0.4015016555786133,0.3794431686401367,0.5198359489440918,0.6542325019836427,6
redis,concurrent_insert,1,100,100,0.04417061805725098,2263.9483982403585,0.04284358024597168,0.04284358024597168,0.427401065826416,0.3921985626220703,0.6020784378051758,0.686888694763184,7
redis,concurrent_insert,1,100,100,0.04207563400268555,2376.672446423917,0.04077720642089844,0.04077720642089844,0.40664196014404297,0.3782510757446289,0.5354166030883788,0.7050061225891117,8
redis,concurrent_insert,1,100,100,0.04211854934692383,2374.2508123039997,0.04078054428100586,0.04078054428100586,0.40693044662475586,0.38635730743408203,0.5475997924804688,0.5991363525390628,9
redis,concurrent_insert,1,100,100,0.04129600524902344,2421.541730174126,0.04027247428894043,0.04027247428894043,0.4017972946166992,0.37169456481933594,0.4974126815795897,0.662448406219485,10
redis,concurrent_insert,1,100,100,0.04398393630981445,2273.5573118244597,0.04277682304382324,0.04277682304382324,0.4268956184387207,0.3917217254638672,0.5156755447387695,0.7057142257690465,11
redis,concurrent_insert,1,100,100,0.04051089286804199,2468.4718830003235,0.03928399085998535,0.03928399085998535,0.39195775985717773,0.3676414489746094,0.5025029182434082,0.6665134429931643,12
redis,concurrent_insert,1,100,100,0.043827056884765625,2281.6955348594306,0.042500972747802734,0.042500972747802734,0.42398691177368164,0.39184093475341797,0.5385279655456543,0.6927204132080093,13
redis,concurrent_insert,1,100,100,0.04358720779418945,2294.2511131289043,0.04226851463317871,0.04226851463317871,0.42162179946899414,0.3896951675415039,0.578606128692627,0.6187510490417485,14
redis,concurrent_insert,1,100,100,0.04066586494445801,2459.064872629203,0.03960084915161133,0.03960084915161133,0.3951263427734375,0.3720521926879883,0.5036473274230957,0.591950416564942,15
redis,concurrent_insert,1,100,100,0.04219532012939453,2369.9310656571365,0.040926456451416016,0.040926456451416016,0.4083824157714844,0.3846883773803711,0.5654692649841306,0.6794857978820803,16
redis,concurrent_insert,1,100,100,0.042026519775390625,2379.4499410002722,0.04071545600891113,0.04071545600891113,0.4059457778930664,0.3854036331176758,0.5436301231384277,0.60652494430542,17
redis,concurrent_insert,1,100,100,0.04516792297363281,2213.960559098011,0.0439913272857666,0.0439913272857666,0.4388427734375,0.42569637298583984,0.5456209182739258,0.7215213775634771,18
redis,concurrent_insert,1,100,100,0.042511701583862305,2352.2935162388467,0.041231393814086914,0.041231393814086914,0.4112386703491211,0.37741661071777344,0.5927681922912598,0.7043361663818359,19
redis,concurrent_insert,1,100,100,0.04312944412231445,2318.6016429147917,0.041867733001708984,0.041867733001708984,0.41771888732910156,0.3952980041503906,0.5720376968383789,0.6144785881042494,20
redis,concurrent_insert,1,100,100,0.043364524841308594,2306.032416265312,0.04208111763000488,0.04208111763000488,0.4199862480163574,0.396728515625,0.5705595016479492,0.680220127105713,21
redis,concurrent_insert,1,100,100,0.04167652130126953,2399.43250726528,0.04075980186462402,0.04075980186462402,0.4064798355102539,0.37610530853271484,0.5697011947631835,0.6372261047363285,22
redis,concurrent_insert,1,100,100,0.04130840301513672,2420.814960175459,0.040129899978637695,0.040129899978637695,0.40042877197265625,0.3693103790283203,0.5419492721557617,0.6566143035888674,23
redis,concurrent_insert,1,100,100,0.041977643966674805,2382.2204047322894,0.04051041603088379,0.04051041603088379,0.40422677993774414,0.37980079650878906,0.5164027214050293,0.6566810607910163,24
redis,concurrent_insert,1,100,100,0.04145479202270508,2412.266353796427,0.040657997131347656,0.040657997131347656,0.4057788848876953,0.3895759582519531,0.526142120361328,0.647697448730469,25
redis,concurrent_insert,1,100,100,0.04294013977050781,2328.8233465109047,0.04171442985534668,0.04171442985534668,0.4162931442260742,0.39207935333251953,0.5472540855407714,0.6852006912231453,26
redis,concurrent_insert,1,100,100,0.04218482971191406,2370.5204141610525,0.040863752365112305,0.040863752365112305,0.4077291488647461,0.37419795989990234,0.5437016487121581,0.6486892700195316,27
redis,concurrent_insert,1,100,100,0.042493343353271484,2353.3097682769453,0.041285037994384766,0.041285037994384766,0.41191816329956055,0.3819465637207031,0.5504965782165527,0.5697846412658697,28
redis,concurrent_insert,1,100,100,0.041640281677246094,2401.5207383826123,0.04036593437194824,0.04036593437194824,0.40276527404785156,0.37789344787597656,0.5255699157714843,0.7088041305541997,29
redis,concurrent_insert,1,100,100,0.0416867733001709,2398.8424165127226,0.040358781814575195,0.040358781814575195,0.4026222229003906,0.3732442855834961,0.5432009696960449,0.6019258499145517,30
redis,concurrent_insert,5,100,500,0.36974120140075684,1352.2972233166345,0.3623222351074219,0.3668525218963623,3.622272491455078,3.660726547241211,4.926269054412842,5.546231746673586,1
redis,concurrent_insert,5,100,500,0.3743555545806885,1335.6286393560915,0.3677699565887451,0.3715827465057373,3.6767563819885254,3.666043281555176,4.989008903503418,5.441405296325685,2
redis,concurrent_insert,5,100,500,0.37285518646240234,1341.0032048740686,0.36747965812683103,0.37147045135498047,3.6738414764404297,3.6525487899780273,4.905562400817871,5.488393783569337,3
redis,concurrent_insert,5,100,500,0.373868465423584,1337.3687439338112,0.36714935302734375,0.3726515769958496,3.670536518096924,3.624272346496582,4.914541244506836,5.365365505218507,4
redis,concurrent_insert,5,100,500,0.37568211555480957,1330.9124371321138,0.36905560493469236,0.3739042282104492,3.6896018981933594,3.617691993713379,4.9709272384643555,5.503481864929201,5
redis,concurrent_insert,5,100,500,0.3748936653137207,1333.7115194560224,0.3683951377868652,0.37192726135253906,3.6830077171325684,3.6345481872558594,4.965567588806152,5.566794872283937,6
redis,concurrent_insert,5,100,500,0.3777453899383545,1323.6428910001962,0.3717478275299072,0.3764841556549072,3.7165517807006836,3.6916017532348633,4.940516948699951,5.541962146759036,7
redis,concurrent_insert,5,100,500,0.3781447410583496,1322.2450181393572,0.3719529151916504,0.37632060050964355,3.718564510345459,3.6719322204589844,5.065605640411377,5.522138118743898,8
redis,concurrent_insert,5,100,500,0.376676082611084,1327.4004458526965,0.3693129062652588,0.3754901885986328,3.6922202110290527,3.6523818969726562,4.960367679595947,5.457195281982422,9
redis,concurrent_insert,5,100,500,0.3830454349517822,1305.3281787914796,0.37699289321899415,0.3821432590484619,3.768995761871338,3.7409067153930664,5.082108974456787,5.6915535926818865,10
redis,concurrent_insert,5,100,500,0.3770601749420166,1326.0482894458128,0.37105588912963866,0.3744347095489502,3.709589958190918,3.641843795776367,5.063660144805908,5.417028427124025,11
redis,concurrent_insert,5,100,500,0.376589298248291,1327.70634302609,0.36861891746520997,0.374330997467041,3.685302734375,3.645968437194824,4.8831963539123535,5.692785739898683,12
redis,concurrent_insert,5,100,500,0.3813292980194092,1311.2026864889638,0.37700891494750977,0.3787269592285156,3.76908540725708,3.685641288757324,5.118546485900879,5.617228984832767,13
redis,concurrent_insert,5,100,500,0.37961816787719727,1317.1129369175637,0.37441534996032716,0.377469539642334,3.7432312965393066,3.6760807037353516,5.010886192321777,5.585886478424074,14
redis,concurrent_insert,5,100,500,0.3869800567626953,1292.0562475047932,0.3798966407775879,0.384540319442749,3.7979183197021484,3.7909746170043945,5.101327896118164,5.656876564025882,15
redis,concurrent_insert,5,100,500,0.3786489963531494,1320.484155023804,0.3732776165008545,0.3772742748260498,3.73185396194458,3.7119150161743164,5.027439594268799,5.404595851898195,16
redis,concurrent_insert,5,100,500,0.37476491928100586,1334.1697001930174,0.36934447288513184,0.37317728996276855,3.692528247833252,3.6381959915161133,4.998526573181152,5.3919081687927255,17
redis,concurrent_insert,5,100,500,0.3807835578918457,1313.0819060785589,0.37540454864501954,0.37838077545166016,3.753048896789551,3.676462173461914,5.086064338684082,5.488678455352788,18
redis,concurrent_insert,5,100,500,0.3759317398071289,1330.0286915292763,0.3691049098968506,0.37479400634765625,3.690108299255371,3.7275314331054688,4.847440719604492,5.391364097595217,19
redis,concurrent_insert,5,100,500,0.37772154808044434,1323.7264395980758,0.3723273754119873,0.3766446113586426,3.722348213195801,3.7195682525634766,4.897785186767578,5.421247959136965,20
redis,concurrent_insert,5,100,500,0.3809971809387207,1312.3456681964783,0.3763765335083008,0.3799746036529541,3.7627415657043457,3.7124156951904297,5.010097026824951,5.53386211395264,21
redis,concurrent_insert,5,100,500,0.37818098068237305,1322.1183125016548,0.3735966205596924,0.3760805130004883,3.7350826263427734,3.684258460998535,4.858601093292236,5.293857574462895,22
redis,concurrent_insert,5,100,500,0.3778376579284668,1323.3196572869433,0.37352805137634276,0.37608861923217773,3.734358787536621,3.7052392959594727,5.019583702087402,5.4680342674255416,23
redis,concurrent_insert,5,100,500,0.38149428367614746,1310.6356278314584,0.3772322654724121,0.3806424140930176,3.771378993988037,3.713870048522949,4.917101860046387,5.5775537490844735,24
redis,concurrent_insert,5,100,500,0.3774986267089844,1324.5081296294425,0.37218484878540037,0.37610554695129395,3.720919609069824,3.7181615829467773,4.947919845581055,5.588126659393314,25
redis,concurrent_insert,5,100,500,0.383533239364624,1303.6679710689987,0.3776064872741699,0.3821992874145508,3.775066375732422,3.7328481674194336,5.004558563232422,5.726095676422121,26
redis,concurrent_insert,5,100,500,0.3808460235595703,1312.8665367876479,0.3756411552429199,0.3796675205230713,3.7555060386657715,3.722524642944336,4.9626946449279785,5.6223888397216815,27
redis,concurrent_insert,5,100,500,0.37450551986694336,1335.093806301288,0.3693068027496338,0.37229013442993164,3.6921238899230957,3.659343719482422,5.00852108001709,5.52611827850342,28
redis,concurrent_insert,5,100,500,0.3801426887512207,1315.2955845146303,0.374530029296875,0.3780996799468994,3.744370937347412,3.6753416061401367,5.037515163421631,5.506622314453127,29
redis,concurrent_insert,5,100,500,0.37677836418151855,1327.04010509244,0.36913466453552246,0.3757295608520508,3.690384864807129,3.6388397216796875,4.99556303024292,5.588534832000735,30
redis,concurrent_insert,10,100,1000,0.734381914138794,1361.689307358141,0.720966386795044,0.7328181266784668,7.208653688430786,7.108700275421143,9.569607973098755,10.728219032287601,1
redis,concurrent_insert,10,100,1000,0.7416539192199707,1348.3377813896582,0.7303289413452149,0.7404739856719971,7.302264928817749,7.177948951721191,9.795435667037964,11.215715885162357,2
redis,concurrent_insert,10,100,1000,0.7487137317657471,1335.6239608984142,0.7371124505996705,0.7473757266998291,7.370111465454102,7.234060764312744,9.833003282546997,11.031470298767093,3
redis,concurrent_insert,10,100,1000,0.7641022205352783,1308.7254206635698,0.748160982131958,0.7606751918792725,7.480416774749756,7.380986213684082,10.20075798034668,11.137424468994144,4
redis,concurrent_insert,10,100,1000,0.7621245384216309,1312.121509787642,0.7480011224746704,0.7591664791107178,7.478710889816284,7.423925399780273,10.005441904067993,11.087737798690801,5
redis,concurrent_insert,10,100,1000,0.7494924068450928,1334.2363323057425,0.7356553077697754,0.7451376914978027,7.355451345443726,7.253289222717285,9.693673849105835,10.962197780609134,6
redis,concurrent_insert,10,100,1000,0.7409038543701172,1349.702790856925,0.7265977144241333,0.7383368015289307,7.264941692352295,7.148504257202148,9.735093116760254,10.844164609909061,7
redis,concurrent_insert,10,100,1000,0.7369728088378906,1356.9021651923206,0.7255417346954346,0.7331132888793945,7.254385948181152,7.165014743804932,9.904259443283081,11.020938158035282,8
redis,concurrent_insert,10,100,1000,0.7489626407623291,1335.1800818558231,0.7337205886840821,0.7450664043426514,7.33613920211792,7.283318042755127,9.787635803222656,10.78957581520081,9
redis,concurrent_insert,10,100,1000,0.7459385395050049,1340.593020791749,0.730884599685669,0.7427444458007812,7.307809591293335,7.20067024230957,9.740002155303955,10.991295814514165,10
redis,concurrent_insert,10,100,1000,0.7330005168914795,1364.255518182738,0.7211399793624877,0.7281594276428223,7.210392951965332,7.191777229309082,9.701275825500488,10.71945142745972,11
redis,concurrent_insert,10,100,1000,0.7412583827972412,1349.057256157241,0.7249072551727295,0.7374634742736816,7.247948408126831,7.140684127807617,9.68887448310852,10.641987800598148,12
redis,concurrent_insert,10,100,1000,0.7334308624267578,1363.4550320001872,0.7196589708328247,0.7298526763916016,7.195481300354004,7.142269611358643,9.853644371032715,10.613942623138431,13
redis,concurrent_insert,10,100,1000,0.7385599613189697,1353.9862060950788,0.7232683897018433,0.7349281311035156,7.231636047363281,7.136869430541992,9.66703176498413,10.878236293792728,14
redis,concurrent_insert,10,100,1000,0.7363696098327637,1358.0136749900762,0.7246649503707886,0.7327699661254883,7.245559930801392,7.2060346603393555,9.810408353805542,11.141082763671879,15
redis,concurrent_insert,10,100,1000,0.7341468334197998,1362.1253330778586,0.7198795318603516,0.7297537326812744,7.197728633880615,7.124936580657959,9.746098518371582,10.786002635955814,16
redis,concurrent_insert,10,100,1000,0.7453744411468506,1341.607579757332,0.7304861307144165,0.7438349723815918,7.303783178329468,7.206559181213379,9.724729061126709,10.869787216186527,17
redis,concurrent_insert,10,100,1000,0.7523617744445801,1329.147803579249,0.7364999055862427,0.7491624355316162,7.3638756275177,7.317459583282471,9.888074398040771,11.126280784606937,18
redis,concurrent_insert,10,100,1000,0.730090856552124,1369.6925403538542,0.7183279275894165,0.7254793643951416,7.182249307632446,7.084822654724121,9.748374223709106,10.786031961441044,19
redis,concurrent_insert,10,100,1000,0.7358810901641846,1358.9152016080302,0.7228432655334472,0.7327675819396973,7.227340459823608,7.136273384094238,9.658629894256592,10.591037034988407,20
redis,concurrent_insert,10,100,1000,0.7361147403717041,1358.4838682826075,0.7234549760818482,0.731032133102417,7.233500003814697,7.174468040466309,9.61809754371643,10.608909368515018,21
redis,concurrent_insert,10,100,1000,0.768155574798584,1301.81962197203,0.7510355234146118,0.7642383575439453,7.5092058181762695,7.329297065734863,10.496704578399658,11.966787576675422,22
redis,concurrent_insert,10,100,1000,0.7426140308380127,1346.5945410047486,0.7294459342956543,0.7399575710296631,7.293294906616211,7.164883613586426,9.796785116195679,10.95201086997986,23
redis,concurrent_insert,10,100,1000,0.7347705364227295,1360.9691059042116,0.7176795721054077,0.7323393821716309,7.175715923309326,7.148122787475586,9.523558616638184,10.8883969783783,24
redis,concurrent_insert,10,100,1000,0.7300262451171875,1369.8137658591643,0.7125529766082763,0.7289307117462158,7.124500513076782,7.1004509925842285,9.58284616470337,10.962828159332279,25
redis,concurrent_insert,10,100,1000,0.7447817325592041,1342.6752513972383,0.7311701297760009,0.7413027286529541,7.310584545135498,7.270145416259766,9.764584302902222,10.609442710876467,26
redis,concurrent_insert,10,100,1000,0.7401857376098633,1351.0122516398437,0.7249722480773926,0.7343776226043701,7.248680591583252,7.138574123382568,9.894958734512329,10.933294057846073,27
redis,concurrent_insert,10,100,1000,0.7326498031616211,1364.9085766278463,0.7138694286346435,0.7310307025909424,7.137645483016968,7.062780857086182,9.660025835037231,10.529904842376716,28
redis,concurrent_insert,10,100,1000,0.7326638698577881,1364.882371221748,0.7165973424911499,0.7272465229034424,7.164936065673828,7.06096887588501,9.681321382522583,10.84799718856812,29
redis,concurrent_insert,10,100,1000,0.7327017784118652,1364.811754882737,0.722615122795105,0.7305634021759033,7.225058555603027,7.17167854309082,9.521790742874146,10.435014486312872,30
redis,concurrent_insert,20,100,2000,1.444594383239746,1384.4716712207223,1.4163630485534668,1.4325053691864014,14.162460446357727,13.834017515182495,19.29953634738922,21.33705997467042,1
redis,concurrent_insert,20,100,2000,1.4399538040161133,1388.9334466299447,1.4097745895385743,1.4286820888519287,14.096554636955261,14.030170440673828,19.19896125793457,20.945355296134956,2
redis,concurrent_insert,20,100,2000,1.4287402629852295,1399.834561826635,1.400879192352295,1.4207141399383545,14.00766384601593,13.801437616348267,19.022228121757507,20.96438682079316,3
redis,concurrent_insert,20,100,2000,1.4357573986053467,1392.9929958520445,1.403037428855896,1.4314916133880615,14.029142618179321,13.953918218612671,18.941214680671692,21.211290955543525,4
redis,concurrent_insert,20,100,2000,1.4422931671142578,1386.6806316510551,1.4159338235855103,1.4324977397918701,14.158135890960693,14.048624038696289,18.861988186836243,20.681976079940803,5
redis,concurrent_insert,20,100,2000,1.4356765747070312,1393.0714168043917,1.4024697899818421,1.431849479675293,14.023579359054565,14.002960920333862,19.077781438827515,20.837648272514347,6
redis,concurrent_insert,20,100,2000,1.4437415599822998,1385.2894835447696,1.4134228348731994,1.441269874572754,14.133021235466003,13.974791765213013,18.948925137519836,21.402540922164924,7
redis,concurrent_insert,20,100,2000,1.4456093311309814,1383.4996474706534,1.4146217584609986,1.4389948844909668,14.145072937011719,14.153611660003662,18.84231746196747,20.783828020095832,8
redis,concurrent_insert,20,100,2000,1.471318006515503,1359.3254423199546,1.4398260116577148,1.4665791988372803,14.397040724754333,14.229834079742432,19.335736632347107,21.43750727176667,9
redis,concurrent_insert,20,100,2000,1.4691827297210693,1361.3010550292192,1.4352907180786132,1.4574131965637207,14.351649165153503,14.181351661682129,19.4826602935791,21.33986675739289,10
redis,concurrent_insert,20,100,2000,1.4753167629241943,1355.641073335222,1.442022728919983,1.4664103984832764,14.419010281562805,14.30654525756836,19.459357857704163,21.318245649337776,11
redis,concurrent_insert,20,100,2000,1.4920835494995117,1340.4075131522347,1.4589340329170226,1.4863929748535156,14.588048934936523,14.420229196548462,19.826783537864685,21.964626073837294,12
redis,concurrent_insert,20,100,2000,1.4715700149536133,1359.0926559230304,1.4361492991447449,1.4622914791107178,14.360211730003357,14.250177145004272,19.488712549209595,22.089315772056587,13
redis,concurrent_insert,20,100,2000,1.615144968032837,1238.278940642645,1.575903046131134,1.6053400039672852,15.757445454597473,15.410512685775757,22.1488618850708,26.5576549768448,14
redis,concurrent_insert,20,100,2000,1.5949411392211914,1253.9647707479653,1.5613255262374879,1.5860271453857422,15.611484050750732,15.389353036880493,21.445002555847168,24.618709444999702,15
redis,concurrent_insert,20,100,2000,1.5621519088745117,1280.285219790786,1.5273779511451722,1.559941291809082,15.271945834159851,15.163451433181763,20.789694786071777,23.139593243598945,16
redis,concurrent_insert,20,100,2000,1.5719518661499023,1272.3035883398218,1.538001823425293,1.565168857574463,15.378158688545227,15.241682529449463,20.729830861091614,23.099474310874946,17
redis,concurrent_insert,20,100,2000,1.7570183277130127,1138.292053335186,1.7132705926895142,1.744302749633789,17.13086712360382,16.072779893875122,28.571683168411255,37.09844553470613,18
redis,concurrent_insert,20,100,2000,1.7194750308990479,1163.1457067185654,1.6791550397872925,1.708894968032837,16.789817333221436,16.626864671707153,22.97648787498474,25.466569781303413,19
redis,concurrent_insert,20,100,2000,1.70499849319458,1173.021564525074,1.6712740778923034,1.6937696933746338,16.710901021957397,16.31624698638916,23.737770915031433,28.55706524848939,20
redis,concurrent_insert,20,100,2000,1.659803867340088,1204.9616459835656,1.62095205783844,1.6452322006225586,16.20788311958313,15.991336107254028,22.229270339012146,25.043787121772773,21
redis,concurrent_insert,20,100,2000,1.7165014743804932,1165.160665371304,1.6818701386451722,1.7120962142944336,16.81696343421936,16.657453775405884,22.944219708442688,26.504127860069282,22
redis,concurrent_insert,20,100,2000,1.6552801132202148,1208.2547141276048,1.6164371013641357,1.646226406097412,16.162620902061462,16.046369075775146,22.359459400177002,24.706490874290477,23
redis,concurrent_insert,20,100,2000,1.6964070796966553,1178.962304470948,1.6586427688598633,1.6893718242645264,16.584636330604553,16.53119921684265,22.84842550754547,25.85973227024079,24
redis,concurrent_insert,20,100,2000,1.6735241413116455,1195.0828497953278,1.6386239528656006,1.6697115898132324,16.38453960418701,16.153693199157715,22.90552318096161,26.160687446594245,25
redis,concurrent_insert,20,100,2000,1.663266897201538,1202.4528374640404,1.621895444393158,1.6598153114318848,16.21730935573578,16.09269380569458,22.386576533317566,24.59140050411225,26
redis,concurrent_insert,20,100,2000,1.6109282970428467,1241.5201866348525,1.5642225742340088,1.6067030429840088,15.640548348426819,15.642338991165161,21.333370804786682,23.355724096298225,27
redis,concurrent_insert,20,100,2000,1.6599171161651611,1204.8794367639985,1.6158686995506286,1.6495509147644043,16.157092809677124,16.123145818710327,22.113807797431946,24.694014787673957,28
redis,concurrent_insert,20,100,2000,1.6339399814605713,1224.0351681780926,1.5986981630325316,1.623525857925415,15.985351085662842,15.807080268859863,21.83243751525879,24.37676715850831,29
redis,concurrent_insert,20,100,2000,1.631824016571045,1225.6223585939151,1.594043254852295,1.6246507167816162,15.938764452934265,15.805494785308838,21.79096758365631,23.858626723289497,30
redis,concurrent_insert,50,100,5000,4.106574773788452,1217.5597122726524,3.974033031463623,4.063360691070557,39.73867282867432,39.39471960067749,55.86511278152466,62.00912823677065,1
redis,concurrent_insert,50,100,5000,4.122236013412476,1212.9339474332749,3.989675087928772,4.075533628463745,39.89516167640686,39.56512689590454,56.364166021347046,63.751863861084004,2
redis,concurrent_insert,50,100,5000,4.109508991241455,1216.6903663324347,3.948810925483704,4.047306537628174,39.4864727973938,39.31919574737549,56.05949115753174,62.251011943817154,3
redis,concurrent_insert,50,100,5000,4.103604555130005,1218.4409907990262,3.964108557701111,4.060670614242554,39.63950023651123,39.26685094833374,56.00905704498291,63.65823030471804,4
redis,concurrent_insert,50,100,5000,4.110720634460449,1216.3317443867777,3.9585196447372435,4.069919109344482,39.58359251022339,39.41504716873169,55.98507046699524,62.56312389373781,5
redis,concurrent_insert,50,100,5000,4.16447114944458,1200.6326423144642,4.021148743629456,4.1225972175598145,40.20985169410706,39.53813314437866,57.41431522369385,65.74534883499147,6
redis,concurrent_insert,50,100,5000,4.226376295089722,1183.0465748658225,4.0738619565963745,4.163719177246094,40.73698978424072,40.251944065093994,59.348424673080444,67.64405045509342,7
redis,concurrent_insert,50,100,5000,4.139397859573364,1207.9051518172587,4.0105248022079465,4.120255947113037,40.10357398986817,39.52930688858032,56.920483112335205,63.26581506729128,8
redis,concurrent_insert,50,100,5000,4.331350564956665,1154.3743516059694,4.187270827293396,4.3169403076171875,41.87097749710083,40.92381715774536,61.3838107585907,71.27737064361574,9
redis,concurrent_insert,50,100,5000,4.231640577316284,1181.574831001127,4.106555509567261,4.2130818367004395,41.063909196853636,40.649449825286865,58.36311483383179,65.71228089332583,10
redis,concurrent_insert,50,100,5000,4.089815616607666,1222.5490018905289,3.948738441467285,4.037463426589966,39.48574476242065,39.073569774627686,55.65743064880371,62.16944580078127,11
redis,concurrent_insert,50,100,5000,4.27379846572876,1169.9194615971228,4.1227629327774045,4.248244047164917,41.22601704597473,40.53058624267578,59.605592250823975,67.93992037773135,12
redis,concurrent_insert,50,100,5000,4.073140859603882,1227.5539129000947,3.9140133666992187,4.050297975540161,39.1384877204895,38.74487638473511,55.4121618270874,62.944580411911026,13
redis,concurrent_insert,50,100,5000,4.075729131698608,1226.7743607181744,3.9382465648651124,4.045201539993286,39.380877590179445,39.082417488098145,55.32610511779785,62.394314146041886,14
redis,concurrent_insert,50,100,5000,4.340233087539673,1152.011861840887,4.14748242855072,4.333943843841553,41.47307915687561,40.89240789413452,60.2778959274292,69.99948196411138,15
redis,concurrent_insert,50,100,5000,4.122320890426636,1212.908973586122,3.9790392971038817,4.106442213058472,39.78879818916321,39.46934700012207,56.644129037857056,62.950690221786516,16
redis,concurrent_insert,50,100,5000,4.029688835144043,1240.7905931578641,3.900508713722229,4.004892826080322,39.00336093902588,38.714561462402344,53.80727791786194,59.98839635849001,17
redis,concurrent_insert,50,100,5000,4.023394584655762,1242.7317019983004,3.9017323732376097,4.014581203460693,39.015686702728274,38.818087577819824,53.83078098297119,60.0105040073395,18
redis,concurrent_insert,50,100,5000,4.0392913818359375,1237.8408803297082,3.891867971420288,4.008955240249634,38.91698861122131,38.635711669921875,54.271050214767456,60.55225028991701,19
redis,concurrent_insert,50,100,5000,4.143522024154663,1206.7028896799627,3.991684761047363,4.115755319595337,39.915214920043944,39.55948352813721,57.2802312374115,64.84217514991764,20
redis,concurrent_insert,50,100,5000,4.119425058364868,1213.7616121567848,3.993274073600769,4.093435764312744,39.931139898300174,39.64606285095215,56.53200173377991,64.36245913505557,21
redis,concurrent_insert,50,100,5000,4.050450801849365,1234.4304978885527,3.917258634567261,4.0258307456970215,39.17091026306152,38.94436836242676,55.02470135688782,60.992508220672626,22
redis,concurrent_insert,50,100,5000,4.080064296722412,1225.4708838820477,3.94113160610199,4.055595397949219,39.40958518981934,39.29776906967163,54.463037729263306,60.50688824653627,23
redis,concurrent_insert,50,100,5000,4.106013298034668,1217.7262071686996,3.961606707572937,4.074642658233643,39.61441287994385,39.46253776550293,55.109121561050415,61.178413438797016,24
redis,concurrent_insert,50,100,5000,4.078594923019409,1225.912377760346,3.947159547805786,4.045994758605957,39.469806432724,39.06402349472046,55.66463017463684,62.30711240768435,25
redis,concurrent_insert,50,100,5000,4.073545932769775,1227.4318450118199,3.9335814142227172,4.028934478759766,39.33414487838745,39.140145778656006,55.06032371520996,61.0667820453644,26
redis,concurrent_insert,50,100,5000,4.050863742828369,1234.3046612841465,3.927245864868164,4.020999431610107,39.27076663970947,39.02796506881714,54.85222029685974,60.77439694404604,27
redis,concurrent_insert,50,100,5000,4.022578954696655,1242.9836819392033,3.8987453317642213,3.999354600906372,38.98576111793518,38.775551319122314,53.46022176742554,60.671941328048725,28
redis,concurrent_insert,50,100,5000,4.013443231582642,1245.8130616259705,3.8713534355163572,3.9966180324554443,38.711885166168216,38.43569278717041,53.354979038238525,59.3040846347809,29
redis,concurrent_insert,50,100,5000,4.0388875007629395,1237.964662064865,3.917138862609863,4.020657062530518,39.16969556808472,38.94237041473389,54.267316579818726,61.47787814140322,30
