database,operation,data_size,batch_size,time,ops_per_second,iteration
mongodb,insert_single,100,1,0.027997255325317383,3571.778691805261,1
mongodb,insert_single,1000,1,0.35706281661987305,2800.6276583668864,1
mongodb,insert_single,5000,1,1.3334391117095947,3749.7025219168263,1
mongodb,insert_single,10000,1,2.6896474361419678,3717.959411938394,1
mongodb,insert_single,50000,1,13.431488513946533,3722.5955967637315,1
mongodb,insert_single,100000,1,28.53724431991577,3504.1925870260466,1
mongodb,insert_batch,1,1,0.006043434143066406,165.46883383304402,1
mongodb,insert_batch,10,10,0.001062631607055664,9410.599057662104,1
mongodb,insert_batch,50,50,0.0015096664428710938,33119.8989260897,1
mongodb,insert_batch,100,100,0.0015859603881835938,63053.2772098617,1
mongodb,insert_batch,500,500,0.005962371826171875,83859.24504158669,1
mongodb,insert_batch,1000,1000,0.009128570556640625,109546.17634768074,1
mongodb,insert_batch,5000,5000,0.04136490821838379,120875.40418566315,1
mongodb,insert_batch,10000,10000,0.16957807540893555,58969.8873270328,1
postgresql,insert_single,100,1,0.27979278564453125,357.407356911079,1
postgresql,insert_single,1000,1,2.696167230606079,370.896874885319,1
postgresql,insert_single,5000,1,14.07182002067566,355.32006468626827,1
postgresql,insert_single,10000,1,28.235185861587524,354.16802457123083,1
postgresql,insert_single,50000,1,61.762142181396484,809.5574122599105,1
postgresql,insert_single,100000,1,175.82174706459045,568.7578565765455,1
postgresql,insert_batch,1,1,0.0024988651275634766,400.1816620551474,1
postgresql,insert_batch,10,10,0.0037984848022460938,2632.628671855385,1
postgresql,insert_batch,50,50,0.003710031509399414,13476.974487500804,1
postgresql,insert_batch,100,100,0.004515171051025391,22147.555180061252,1
postgresql,insert_batch,500,500,0.010686397552490234,46788.45209941547,1
postgresql,insert_batch,1000,1000,0.022228002548217773,44988.29788375111,1
postgresql,insert_batch,5000,5000,0.10294961929321289,48567.44526426464,1
postgresql,insert_batch,10000,10000,0.17238378524780273,58010.09639987276,1
redis,insert_single,100,1,0.043711185455322266,2287.7439483358608,1
redis,insert_single,1000,1,0.4419901371002197,2262.4939247756415,1
redis,insert_single,5000,1,2.185924768447876,2287.3614280651886,1
redis,insert_single,10000,1,4.404040336608887,2270.6422366013126,1
redis,insert_single,50000,1,21.854396104812622,2287.869212226338,1
redis,insert_single,100000,1,44.60849189758301,2241.7256389117747,1
redis,insert_batch,1,1,0.0004551410675048828,2197.1210057621793,1
redis,insert_batch,10,10,0.001295328140258789,7720.051536904105,1
redis,insert_batch,50,50,0.006050586700439453,8263.661439041689,1
redis,insert_batch,100,100,0.01308584213256836,7641.846736872791,1
redis,insert_batch,500,500,0.07089781761169434,7052.403259272212,1
redis,insert_batch,1000,1000,0.13768577575683594,7262.914375164503,1
redis,insert_batch,5000,5000,0.6891860961914062,7254.93452005358,1
redis,insert_batch,10000,10000,1.4667277336120605,6817.897944408087,1
mongodb,insert_single,100,1,0.03156685829162598,3167.879396681294,2
mongodb,insert_single,1000,1,0.2764453887939453,3617.3509869805503,2
mongodb,insert_single,5000,1,1.366023302078247,3660.2596693578184,2
mongodb,insert_single,10000,1,2.7935659885406494,3579.6541198670484,2
mongodb,insert_single,50000,1,13.8103609085083,3620.4701912747228,2
mongodb,insert_single,100000,1,28.942940711975098,3455.073933058404,2
mongodb,insert_batch,1,1,0.005801200866699219,172.3781029097485,2
mongodb,insert_batch,10,10,0.0010111331939697266,9889.893892949776,2
mongodb,insert_batch,50,50,0.022618532180786133,2210.5766899619475,2
mongodb,insert_batch,100,100,0.002590656280517578,38600.257684520526,2
mongodb,insert_batch,500,500,0.02457714080810547,20344.10771797757,2
mongodb,insert_batch,1000,1000,0.012738466262817383,78502.38634449456,2
mongodb,insert_batch,5000,5000,0.10159754753112793,49213.786370857786,2
mongodb,insert_batch,10000,10000,0.17696905136108398,56507.05546020139,2
postgresql,insert_single,100,1,0.28614068031311035,349.47844497529917,2
postgresql,insert_single,1000,1,2.8608832359313965,349.54240265399625,2
postgresql,insert_single,5000,1,14.016286611557007,356.72786513064693,2
postgresql,insert_single,10000,1,28.434510231018066,351.6853259913512,2
postgresql,insert_single,50000,1,48.85218095779419,1023.4957584226888,2
postgresql,insert_single,100000,1,188.4152753353119,530.7425304133952,2
postgresql,insert_batch,1,1,0.002672910690307617,374.1239853715101,2
postgresql,insert_batch,10,10,0.0047206878662109375,2118.3353535353535,2
postgresql,insert_batch,50,50,0.003905057907104492,12803.907442456804,2
postgresql,insert_batch,100,100,0.007169961929321289,13947.075449738968,2
postgresql,insert_batch,500,500,0.011837959289550781,42237.009586723594,2
postgresql,insert_batch,1000,1000,0.022568225860595703,44310.084726066474,2
postgresql,insert_batch,5000,5000,0.09065079689025879,55156.713140127875,2
postgresql,insert_batch,10000,10000,0.1918952465057373,52111.76504938083,2
redis,insert_single,100,1,0.04255533218383789,2349.881786094459,2
redis,insert_single,1000,1,0.43416833877563477,2303.254085316364,2
redis,insert_single,5000,1,2.1776938438415527,2296.006857961158,2
redis,insert_single,10000,1,4.454265356063843,2245.0391255622962,2
redis,insert_single,50000,1,22.040668964385986,2268.5336856513563,2
redis,insert_single,100000,1,44.657296895980835,2239.2757052207526,2
redis,insert_batch,1,1,0.0004584789276123047,2181.1253250130007,2
redis,insert_batch,10,10,0.0017375946044921875,5755.082327113063,2
redis,insert_batch,50,50,0.006805419921875,7347.085201793722,2
redis,insert_batch,100,100,0.013018131256103516,7681.594080802901,2
redis,insert_batch,500,500,0.06615924835205078,7557.5223790235395,2
redis,insert_batch,1000,1000,0.13837122917175293,7226.935873777291,2
redis,insert_batch,5000,5000,0.7489168643951416,6676.308463207357,2
redis,insert_batch,10000,10000,1.452686071395874,6883.799739603122,2
mongodb,insert_single,100,1,0.030810832977294922,3245.611700069643,3
mongodb,insert_single,1000,1,0.27609944343566895,3621.883432854509,3
mongodb,insert_single,5000,1,1.3700110912322998,3649.6054900567206,3
mongodb,insert_single,10000,1,2.6977601051330566,3706.7788129021906,3
mongodb,insert_single,50000,1,14.552502155303955,3435.835258184551,3
mongodb,insert_single,100000,1,27.27252697944641,3666.6935951833034,3
mongodb,insert_batch,1,1,0.00586247444152832,170.57643661799992,3
mongodb,insert_batch,10,10,0.0009253025054931641,10807.276475135275,3
mongodb,insert_batch,50,50,0.0015153884887695312,32994.839521711765,3
mongodb,insert_batch,100,100,0.0019686222076416016,50796.94804408381,3
mongodb,insert_batch,500,500,0.006849050521850586,73002.81964702197,3
mongodb,insert_batch,1000,1000,0.010082006454467773,99186.6058126611,3
mongodb,insert_batch,5000,5000,0.05002331733703613,99953.38706371865,3
mongodb,insert_batch,10000,10000,0.12319731712341309,81170.59878814152,3
postgresql,insert_single,100,1,0.27678942680358887,361.2854766701782,3
postgresql,insert_single,1000,1,2.844425916671753,351.5647899770561,3
postgresql,insert_single,5000,1,14.240504503250122,351.11115612925414,3
postgresql,insert_single,10000,1,19.50335121154785,512.7323961678464,3
postgresql,insert_single,50000,1,46.074633836746216,1085.1958189654274,3
postgresql,insert_single,100000,1,203.82097697257996,490.6266346346333,3
postgresql,insert_batch,1,1,0.0056514739990234375,176.94498818764765,3
postgresql,insert_batch,10,10,0.0032091140747070312,3116.124814264487,3
postgresql,insert_batch,50,50,0.00447845458984375,11164.565587734241,3
postgresql,insert_batch,100,100,0.0039365291595458984,25403.08884985767,3
postgresql,insert_batch,500,500,0.014321088790893555,34913.54653969734,3
postgresql,insert_batch,1000,1000,0.021785497665405273,45902.095759233925,3
postgresql,insert_batch,5000,5000,0.11752510070800781,42544.10308843339,3
postgresql,insert_batch,10000,10000,0.2647573947906494,37770.42755654572,3
redis,insert_single,100,1,0.045755624771118164,2185.523648736667,3
redis,insert_single,1000,1,0.43603038787841797,2293.4181373589,3
redis,insert_single,5000,1,2.1940724849700928,2278.8672818474156,3
redis,insert_single,10000,1,4.394626617431641,2275.5061739111566,3
redis,insert_single,50000,1,22.333030939102173,2238.8362840825444,3
redis,insert_single,100000,1,44.94625949859619,2224.8792472513383,3
redis,insert_batch,1,1,0.00036025047302246094,2775.846459298478,3
redis,insert_batch,10,10,0.0013425350189208984,7448.595276149885,3
redis,insert_batch,50,50,0.0062334537506103516,8021.235417861923,3
redis,insert_batch,100,100,0.013432025909423828,7444.893322446661,3
redis,insert_batch,500,500,0.07134795188903809,7007.909642278324,3
redis,insert_batch,1000,1000,0.14722013473510742,6792.549142814574,3
redis,insert_batch,5000,5000,0.7044298648834229,7097.938700863368,3
redis,insert_batch,10000,10000,1.500248908996582,6665.560588001589,3
mongodb,insert_single,100,1,0.033559322357177734,2979.797951093366,4
mongodb,insert_single,1000,1,0.2861168384552002,3495.0756669869284,4
mongodb,insert_single,5000,1,1.485945463180542,3364.861042274,4
mongodb,insert_single,10000,1,2.812527894973755,3555.520291148371,4
mongodb,insert_single,50000,1,14.109097719192505,3543.812722480854,4
mongodb,insert_single,100000,1,27.99684429168701,3571.831130613981,4
mongodb,insert_batch,1,1,0.00616765022277832,162.13630213769378,4
mongodb,insert_batch,10,10,0.0009179115295410156,10894.296103896104,4
mongodb,insert_batch,50,50,0.0012061595916748047,41453.88416683139,4
mongodb,insert_batch,100,100,0.0022275447845458984,44892.475650219414,4
mongodb,insert_batch,500,500,0.006119251251220703,81709.34309982078,4
mongodb,insert_batch,1000,1000,0.009235858917236328,108273.6331250968,4
mongodb,insert_batch,5000,5000,0.050334930419921875,99334.59643804471,4
mongodb,insert_batch,10000,10000,0.09993100166320801,100069.045977368,4
postgresql,insert_single,100,1,0.2729012966156006,366.43285041205417,4
postgresql,insert_single,1000,1,2.7930378913879395,358.03309474726524,4
postgresql,insert_single,5000,1,11.456973552703857,436.4154265521539,4
postgresql,insert_single,10000,1,8.309072017669678,1203.503830359693,4
postgresql,insert_single,50000,1,39.87667679786682,1253.8657685405399,4
postgresql,insert_single,100000,1,206.30677700042725,484.7150513130885,4
postgresql,insert_batch,1,1,0.004069805145263672,245.7120093731693,4
postgresql,insert_batch,10,10,0.0025131702423095703,3979.0380419315056,4
postgresql,insert_batch,50,50,0.005188465118408203,9636.761327083908,4
postgresql,insert_batch,100,100,0.003992795944213867,25045.106586254253,4
postgresql,insert_batch,500,500,0.01797938346862793,27809.62989484293,4
postgresql,insert_batch,1000,1000,0.023637771606445312,42305.17227467118,4
postgresql,insert_batch,5000,5000,0.11174654960632324,44744.11082592453,4
postgresql,insert_batch,10000,10000,0.19539403915405273,51178.63391992113,4
redis,insert_single,100,1,0.04518437385559082,2213.1544927367995,4
redis,insert_single,1000,1,0.4434316158294678,2255.139156303582,4
redis,insert_single,5000,1,2.18536376953125,2287.948610529256,4
redis,insert_single,10000,1,4.466346979141235,2238.9662170677893,4
redis,insert_single,50000,1,22.868773460388184,2186.387481016714,4
redis,insert_single,100000,1,46.22210645675659,2163.4669569539346,4
redis,insert_batch,1,1,0.0006430149078369141,1555.1738969225064,4
redis,insert_batch,10,10,0.0013909339904785156,7189.413781282139,4
redis,insert_batch,50,50,0.00847935676574707,5896.673696049487,4
redis,insert_batch,100,100,0.01421666145324707,7034.000234785088,4
redis,insert_batch,500,500,0.0690913200378418,7236.799061389282,4
redis,insert_batch,1000,1000,0.14600205421447754,6849.21870024511,4
redis,insert_batch,5000,5000,0.789252519607544,6335.108062101914,4
redis,insert_batch,10000,10000,1.4201314449310303,7041.601702218246,4
mongodb,insert_single,100,1,0.03336620330810547,2997.0446165718695,5
mongodb,insert_single,1000,1,0.2919893264770508,3424.7827208800254,5
mongodb,insert_single,5000,1,1.4433693885803223,3464.116697748405,5
mongodb,insert_single,10000,1,2.8606414794921875,3495.7194292572344,5
mongodb,insert_single,50000,1,14.00680661201477,3569.6930346072572,5
mongodb,insert_single,100000,1,27.84632921218872,3591.137605175932,5
mongodb,insert_batch,1,1,0.0009429454803466797,1060.5067003792667,5
mongodb,insert_batch,10,10,0.0008981227874755859,11134.335014600478,5
mongodb,insert_batch,50,50,0.0013058185577392578,38290.15884608362,5
mongodb,insert_batch,100,100,0.001922607421875,52012.69841269841,5
mongodb,insert_batch,500,500,0.00579380989074707,86299.00004115058,5
mongodb,insert_batch,1000,1000,0.008971691131591797,111461.70608557003,5
mongodb,insert_batch,5000,5000,0.12286901473999023,40693.74211700786,5
mongodb,insert_batch,10000,10000,0.12053656578063965,82962.3768956439,5
postgresql,insert_single,100,1,0.09418749809265137,1061.7120321173722,5
postgresql,insert_single,1000,1,0.9177377223968506,1089.635933661205,5
postgresql,insert_single,5000,1,4.59601092338562,1087.89993830493,5
postgresql,insert_single,10000,1,9.115965604782104,1096.9764952551097,5
postgresql,insert_single,50000,1,46.84404897689819,1067.3714397459155,5
postgresql,insert_single,100000,1,226.8939757347107,440.7344870051647,5
postgresql,insert_batch,1,1,0.004829883575439453,207.04432816665022,5
postgresql,insert_batch,10,10,0.0038568973541259766,2592.757618841565,5
postgresql,insert_batch,50,50,0.003897428512573242,12828.971676760262,5
postgresql,insert_batch,100,100,0.005379915237426758,18587.653445601594,5
postgresql,insert_batch,500,500,0.013004779815673828,38447.40219264474,5
postgresql,insert_batch,1000,1000,0.02406477928161621,41554.50537474612,5
postgresql,insert_batch,5000,5000,0.10413098335266113,48016.44850569081,5
postgresql,insert_batch,10000,10000,0.20943570137023926,47747.351261388125,5
redis,insert_single,100,1,0.04420590400695801,2262.1412738049653,5
redis,insert_single,1000,1,0.4437239170074463,2253.6535933068008,5
redis,insert_single,5000,1,2.1877939701080322,2285.40715822208,5
redis,insert_single,10000,1,4.388484239578247,2278.691104735754,5
redis,insert_single,50000,1,22.205499172210693,2251.6944839759794,5
redis,insert_single,100000,1,44.83513331413269,2230.3937249246123,5
redis,insert_batch,1,1,0.00034737586975097656,2878.726149622512,5
redis,insert_batch,10,10,0.0013153553009033203,7602.508609751677,5
redis,insert_batch,50,50,0.00680851936340332,7343.740588997443,5
redis,insert_batch,100,100,0.014572620391845703,6862.183829063185,5
redis,insert_batch,500,500,0.07090449333190918,7051.739269321945,5
redis,insert_batch,1000,1000,0.13958168029785156,7164.26394829259,5
redis,insert_batch,5000,5000,0.7725706100463867,6471.90034798216,5
redis,insert_batch,10000,10000,1.407527208328247,7104.658397244933,5
mongodb,insert_single,100,1,0.026252269744873047,3809.1944419217148,6
mongodb,insert_single,1000,1,0.28116750717163086,3556.598733827298,6
mongodb,insert_single,5000,1,1.4002516269683838,3570.786781248207,6
mongodb,insert_single,10000,1,2.822772741317749,3542.6160433063133,6
mongodb,insert_single,50000,1,13.845149755477905,3611.3729994301607,6
mongodb,insert_single,100000,1,28.54032015800476,3503.8149343238115,6
mongodb,insert_batch,1,1,0.0008213520050048828,1217.5047895500725,6
mongodb,insert_batch,10,10,0.0010101795196533203,9899.230587679962,6
mongodb,insert_batch,50,50,0.0013699531555175781,36497.598329272536,6
mongodb,insert_batch,100,100,0.003145933151245117,31787.07086017431,6
mongodb,insert_batch,500,500,0.005226612091064453,95664.26420946994,6
mongodb,insert_batch,1000,1000,0.010409832000732422,96063.02963675508,6
mongodb,insert_batch,5000,5000,0.04441261291503906,112580.63130770883,6
mongodb,insert_batch,10000,10000,0.17171430587768555,58236.266040193164,6
postgresql,insert_single,100,1,0.29615139961242676,337.66512713048115,6
postgresql,insert_single,1000,1,2.9801716804504395,335.5511383991323,6
postgresql,insert_single,5000,1,14.426822423934937,346.5766648451089,6
postgresql,insert_single,10000,1,28.71143126487732,348.29332984987747,6
postgresql,insert_single,50000,1,65.64179253578186,761.709850820186,6
postgresql,insert_single,100000,1,176.88263654708862,565.3466159940385,6
postgresql,insert_batch,1,1,0.004355907440185547,229.57328954570335,6
postgresql,insert_batch,10,10,0.0022077560424804688,4529.48596112311,6
postgresql,insert_batch,50,50,0.006670951843261719,7495.18227305218,6
postgresql,insert_batch,100,100,0.004025459289550781,24841.88580904999,6
postgresql,insert_batch,500,500,0.01349496841430664,37050.84625984947,6
postgresql,insert_batch,1000,1000,0.022647380828857422,44155.21633856196,6
postgresql,insert_batch,5000,5000,0.0945744514465332,52868.400752255,6
postgresql,insert_batch,10000,10000,0.1850261688232422,54046.40902202934,6
redis,insert_single,100,1,0.05084800720214844,1966.6454105555347,6
redis,insert_single,1000,1,0.47013115882873535,2127.0659925867435,6
redis,insert_single,5000,1,2.3763620853424072,2104.0564612776825,6
redis,insert_single,10000,1,4.432046175003052,2256.294182222304,6
redis,insert_single,50000,1,22.136861085891724,2258.6761422948994,6
redis,insert_single,100000,1,45.30575752258301,2207.2249857019656,6
redis,insert_batch,1,1,0.0003991127014160156,2505.557945041816,6
redis,insert_batch,10,10,0.0013785362243652344,7254.071255620893,6
redis,insert_batch,50,50,0.0063860416412353516,7829.57625536681,6
redis,insert_batch,100,100,0.014756202697753906,6776.811219543722,6
redis,insert_batch,500,500,0.07027530670166016,7114.874676003203,6
redis,insert_batch,1000,1000,0.14190983772277832,7046.727810044472,6
redis,insert_batch,5000,5000,0.7068958282470703,7073.177970789251,6
redis,insert_batch,10000,10000,1.4836654663085938,6740.063866877156,6
mongodb,insert_single,100,1,0.02608203887939453,3834.0560898021868,7
mongodb,insert_single,1000,1,0.2886784076690674,3464.0623386920274,7
mongodb,insert_single,5000,1,1.4265563488006592,3504.9439191123593,7
mongodb,insert_single,10000,1,2.833012819290161,3529.811066123448,7
mongodb,insert_single,50000,1,13.938208103179932,3587.26169317222,7
mongodb,insert_single,100000,1,27.79886817932129,3597.268757667871,7
mongodb,insert_batch,1,1,0.009762763977050781,102.43000879163817,7
mongodb,insert_batch,10,10,0.001504659652709961,6646.021232768183,7
mongodb,insert_batch,50,50,0.0020647048950195312,24216.535796766744,7
mongodb,insert_batch,100,100,0.002069711685180664,48315.908305494755,7
mongodb,insert_batch,500,500,0.008227825164794922,60769.40017386265,7
mongodb,insert_batch,1000,1000,0.011864662170410156,84283.90000803793,7
mongodb,insert_batch,5000,5000,0.050615787506103516,98783.40822805678,7
mongodb,insert_batch,10000,10000,0.17405939102172852,57451.65452607875,7
postgresql,insert_single,100,1,0.3035547733306885,329.42983865077076,7
postgresql,insert_single,1000,1,2.920194625854492,342.4429286823255,7
postgresql,insert_single,5000,1,14.370970726013184,347.9236090119785,7
postgresql,insert_single,10000,1,28.744231939315796,347.8958846808565,7
postgresql,insert_single,50000,1,51.95618653297424,962.3493049911825,7
postgresql,insert_single,100000,1,189.8073444366455,526.8500030744507,7
postgresql,insert_batch,1,1,0.003625154495239258,275.85031239723776,7
postgresql,insert_batch,10,10,0.0029458999633789062,3394.548397539657,7
postgresql,insert_batch,50,50,0.003176450729370117,15740.839150341515,7
postgresql,insert_batch,100,100,0.0041615962982177734,24029.24090518476,7
postgresql,insert_batch,500,500,0.01378774642944336,36264.08438526716,7
postgresql,insert_batch,1000,1000,0.019886493682861328,50285.38544539024,7
postgresql,insert_batch,5000,5000,0.10540342330932617,47436.78946106484,7
postgresql,insert_batch,10000,10000,0.19376850128173828,51607.975155157226,7
redis,insert_single,100,1,0.043448686599731445,2301.565543769926,7
redis,insert_single,1000,1,0.4696505069732666,2129.242884128137,7
redis,insert_single,5000,1,2.191343307495117,2281.705464816193,7
redis,insert_single,10000,1,4.355229616165161,2296.090190717691,7
redis,insert_single,50000,1,22.163987636566162,2255.911743855603,7
redis,insert_single,100000,1,45.73068618774414,2186.7154931692253,7
redis,insert_batch,1,1,0.0004203319549560547,2379.0720363017585,7
redis,insert_batch,10,10,0.0016758441925048828,5967.141840944658,7
redis,insert_batch,50,50,0.0067059993743896484,7456.010239271874,7
redis,insert_batch,100,100,0.013804197311401367,7244.173474498696,7
redis,insert_batch,500,500,0.06904983520507812,7241.146897961438,7
redis,insert_batch,1000,1000,0.14223742485046387,7030.4984855519815,7
redis,insert_batch,5000,5000,0.7138426303863525,7004.344917441893,7
redis,insert_batch,10000,10000,1.4927797317504883,6698.911960891667,7
mongodb,insert_single,100,1,0.03476405143737793,2876.534692170001,8
mongodb,insert_single,1000,1,0.3203766345977783,3121.3262516958052,8
mongodb,insert_single,5000,1,1.431405782699585,3493.0695826659035,8
mongodb,insert_single,10000,1,2.906419515609741,3440.659528430839,8
mongodb,insert_single,50000,1,15.026214838027954,3327.5179770131663,8
mongodb,insert_single,100000,1,29.5846107006073,3380.1357405709327,8
mongodb,insert_batch,1,1,0.007067441940307617,141.4939108727187,8
mongodb,insert_batch,10,10,0.0009002685546875,11107.796610169491,8
mongodb,insert_batch,50,50,0.0013227462768554688,37800.1441961067,8
mongodb,insert_batch,100,100,0.0027005672454833984,37029.25752626468,8
mongodb,insert_batch,500,500,0.006897926330566406,72485.55232960044,8
mongodb,insert_batch,1000,1000,0.010381698608398438,96323.35109314717,8
mongodb,insert_batch,5000,5000,0.04916238784790039,101703.76620983308,8
mongodb,insert_batch,10000,10000,0.1727304458618164,57893.67329023139,8
postgresql,insert_single,100,1,0.274599552154541,364.16665364305226,8
postgresql,insert_single,1000,1,2.8452985286712646,351.4569701292445,8
postgresql,insert_single,5000,1,14.246411561965942,350.9655732078276,8
postgresql,insert_single,10000,1,20.42082929611206,489.69607722561534,8
postgresql,insert_single,50000,1,46.26980471611023,1080.6183494133268,8
postgresql,insert_single,100000,1,200.14281296730042,499.6432223441275,8
postgresql,insert_batch,1,1,0.0033164024353027344,301.5315600287563,8
postgresql,insert_batch,10,10,0.003287792205810547,3041.5547498187093,8
postgresql,insert_batch,50,50,0.003976583480834961,12573.607530427484,8
postgresql,insert_batch,100,100,0.004545450210571289,22000.02098085497,8
postgresql,insert_batch,500,500,0.012249469757080078,40818.093347347116,8
postgresql,insert_batch,1000,1000,0.021373748779296875,46786.36444761735,8
postgresql,insert_batch,5000,5000,0.10010480880737305,49947.65046323862,8
postgresql,insert_batch,10000,10000,0.21204352378845215,47160.12930428672,8
redis,insert_single,100,1,0.04271340370178223,2341.185467170519,8
redis,insert_single,1000,1,0.4283292293548584,2334.652719138924,8
redis,insert_single,5000,1,2.1288747787475586,2348.6585730239885,8
redis,insert_single,10000,1,4.271429538726807,2341.136593577222,8
redis,insert_single,50000,1,21.6974036693573,2304.4231817751424,8
redis,insert_single,100000,1,43.73469161987305,2286.5143504192447,8
redis,insert_batch,1,1,0.0003864765167236328,2587.479333744602,8
redis,insert_batch,10,10,0.0013403892517089844,7460.519388118108,8
redis,insert_batch,50,50,0.00675654411315918,7400.232894597551,8
redis,insert_batch,100,100,0.013491392135620117,7412.133528902398,8
redis,insert_batch,500,500,0.06867027282714844,7281.17101352665,8
redis,insert_batch,1000,1000,0.13854408264160156,7217.919242259454,8
redis,insert_batch,5000,5000,0.6904270648956299,7241.894552259242,8
redis,insert_batch,10000,10000,1.4467003345489502,6912.2815286538125,8
mongodb,insert_single,100,1,0.026799917221069336,3731.3548088642165,9
mongodb,insert_single,1000,1,0.26775121688842773,3734.8102900189665,9
mongodb,insert_single,5000,1,1.3298532962799072,3759.813216981793,9
mongodb,insert_single,10000,1,2.6622865200042725,3756.1697153407636,9
mongodb,insert_single,50000,1,12.915278196334839,3871.383894323643,9
mongodb,insert_single,100000,1,23.54702591896057,4246.820823324352,9
mongodb,insert_batch,1,1,0.0008647441864013672,1156.411359250069,9
mongodb,insert_batch,10,10,0.0008032321929931641,12449.700207776788,9
mongodb,insert_batch,50,50,0.002115964889526367,23629.881690140846,9
mongodb,insert_batch,100,100,0.002089262008666992,47863.790939176084,9
mongodb,insert_batch,500,500,0.005054473876953125,98922.2641509434,9
mongodb,insert_batch,1000,1000,0.009742975234985352,102638.05212284351,9
mongodb,insert_batch,5000,5000,0.0489504337310791,102144.14089706936,9
mongodb,insert_batch,10000,10000,0.17958641052246094,55683.50061069513,9
postgresql,insert_single,100,1,0.26720595359802246,374.24315833335567,9
postgresql,insert_single,1000,1,2.5872397422790527,386.51230640076597,9
postgresql,insert_single,5000,1,13.123567819595337,380.99395444387426,9
postgresql,insert_single,10000,1,8.011559009552002,1248.1965105764339,9
postgresql,insert_single,50000,1,39.856372594833374,1254.504530763082,9
postgresql,insert_single,100000,1,191.2134838104248,522.9756709999762,9
postgresql,insert_batch,1,1,0.0015425682067871094,648.2695517774343,9
postgresql,insert_batch,10,10,0.00681304931640625,1467.7715565509518,9
postgresql,insert_batch,50,50,0.004436969757080078,11268.952176249328,9
postgresql,insert_batch,100,100,0.008100271224975586,12345.265636497425,9
postgresql,insert_batch,500,500,0.015329599380493164,32616.638412367607,9
postgresql,insert_batch,1000,1000,0.028138160705566406,35538.92560582952,9
postgresql,insert_batch,5000,5000,0.10125517845153809,49380.19048964551,9
postgresql,insert_batch,10000,10000,0.17674970626831055,56577.18030274826,9
redis,insert_single,100,1,0.041002750396728516,2438.86078451895,9
redis,insert_single,1000,1,0.40202784538269043,2487.3898947176153,9
redis,insert_single,5000,1,1.9945931434631348,2506.776891511165,9
redis,insert_single,10000,1,3.9237191677093506,2548.6023776360007,9
redis,insert_single,50000,1,19.43177819252014,2573.104710470937,9
redis,insert_single,100000,1,39.176997900009155,2552.518195886996,9
redis,insert_batch,1,1,0.0005869865417480469,1703.61657189277,9
redis,insert_batch,10,10,0.0014541149139404297,6877.035579603214,9
redis,insert_batch,50,50,0.006350517272949219,7873.374380537618,9
redis,insert_batch,100,100,0.012768745422363281,7831.622974083202,9
redis,insert_batch,500,500,0.06605052947998047,7569.962026595821,9
redis,insert_batch,1000,1000,0.12825608253479004,7796.901170193979,9
redis,insert_batch,5000,5000,0.6368463039398193,7851.187906827343,9
redis,insert_batch,10000,10000,1.3213961124420166,7567.753458513981,9
mongodb,insert_single,100,1,0.03060173988342285,3267.788053259371,10
mongodb,insert_single,1000,1,0.24109148979187012,4147.802980782448,10
mongodb,insert_single,5000,1,1.1827795505523682,4227.330441809682,10
mongodb,insert_single,10000,1,2.3746085166931152,4211.220472638589,10
mongodb,insert_single,50000,1,11.58707880973816,4315.151456290982,10
mongodb,insert_single,100000,1,23.30869960784912,4290.243629306774,10
mongodb,insert_batch,1,1,0.004938840866088867,202.47665942553704,10
mongodb,insert_batch,10,10,0.0008790493011474609,11375.926227285056,10
mongodb,insert_batch,50,50,0.0013718605041503906,36446.85436218283,10
mongodb,insert_batch,100,100,0.0024323463439941406,41112.56616349735,10
mongodb,insert_batch,500,500,0.004860877990722656,102862.07573082205,10
mongodb,insert_batch,1000,1000,0.009848356246948242,101539.78744522721,10
mongodb,insert_batch,5000,5000,0.044695377349853516,111868.39213510716,10
mongodb,insert_batch,10000,10000,0.09257030487060547,108026.0026579579,10
postgresql,insert_single,100,1,0.29527831077575684,338.66354673080946,10
postgresql,insert_single,1000,1,0.9072549343109131,1102.2260251023374,10
postgresql,insert_single,5000,1,4.0236992835998535,1242.6375948072061,10
postgresql,insert_single,10000,1,7.93304443359375,1260.550105789575,10
postgresql,insert_single,50000,1,39.87405729293823,1253.9481405835038,10
postgresql,insert_single,100000,1,201.78159856796265,495.58532943388644,10
postgresql,insert_batch,1,1,0.002626657485961914,380.71199056004355,10
postgresql,insert_batch,10,10,0.003692150115966797,2708.448921606612,10
postgresql,insert_batch,50,50,0.0029489994049072266,16954.90338750101,10
postgresql,insert_batch,100,100,0.004484653472900391,22298.26687931951,10
postgresql,insert_batch,500,500,0.01012563705444336,49379.609135860606,10
postgresql,insert_batch,1000,1000,0.025674104690551758,38949.75159028648,10
postgresql,insert_batch,5000,5000,0.10239934921264648,48828.435321564444,10
postgresql,insert_batch,10000,10000,0.21316266059875488,46912.53135943646,10
redis,insert_single,100,1,0.03975200653076172,2515.5962862557876,10
redis,insert_single,1000,1,0.38880348205566406,2571.993426377885,10
redis,insert_single,5000,1,1.9642589092254639,2545.489281742178,10
redis,insert_single,10000,1,3.965092420578003,2522.0093100736026,10
redis,insert_single,50000,1,19.507948398590088,2563.057835626307,10
redis,insert_single,100000,1,39.30776834487915,2544.0263899649135,10
redis,insert_batch,1,1,0.000331878662109375,3013.1494252873563,10
redis,insert_batch,10,10,0.0012922286987304688,7738.568265682657,10
redis,insert_batch,50,50,0.005996227264404297,8338.576540755466,10
redis,insert_batch,100,100,0.013517618179321289,7397.752967529146,10
redis,insert_batch,500,500,0.06632018089294434,7539.183296365133,10
redis,insert_batch,1000,1000,0.12955713272094727,7718.60243429358,10
redis,insert_batch,5000,5000,0.6487278938293457,7707.3917239564535,10
redis,insert_batch,10000,10000,1.3423840999603271,7449.432692398204,10
mongodb,insert_single,100,1,0.0262906551361084,3803.632868115824,11
mongodb,insert_single,1000,1,0.24189257621765137,4134.066516783942,11
mongodb,insert_single,5000,1,1.177842378616333,4245.050178847984,11
mongodb,insert_single,10000,1,2.3440449237823486,4266.1298418564475,11
mongodb,insert_single,50000,1,11.590834617614746,4313.753206694394,11
mongodb,insert_single,100000,1,25.27351403236389,3956.711356875242,11
mongodb,insert_batch,1,1,0.004910707473754883,203.6366461135117,11
mongodb,insert_batch,10,10,0.00095367431640625,10485.76,11
mongodb,insert_batch,50,50,0.001783609390258789,28033.04371073386,11
mongodb,insert_batch,100,100,0.0018038749694824219,55436.21464446207,11
mongodb,insert_batch,500,500,0.005293369293212891,94457.79659490136,11
mongodb,insert_batch,1000,1000,0.011644363403320312,85878.46027846028,11
mongodb,insert_batch,5000,5000,0.04543566703796387,110045.70475046046,11
mongodb,insert_batch,10000,10000,0.11525583267211914,86763.50487569763,11
postgresql,insert_single,100,1,0.28939294815063477,345.55092181426625,11
postgresql,insert_single,1000,1,2.9296488761901855,341.3378333926603,11
postgresql,insert_single,5000,1,14.495941638946533,344.9241259751213,11
postgresql,insert_single,10000,1,27.55660367012024,362.88942279352983,11
postgresql,insert_single,50000,1,64.24727821350098,778.2430850042291,11
postgresql,insert_single,100000,1,174.25146484375,573.8832674357674,11
postgresql,insert_batch,1,1,0.0029554367065429688,338.3594707970313,11
postgresql,insert_batch,10,10,0.0027031898498535156,3699.3332157346977,11
postgresql,insert_batch,50,50,0.007277488708496094,6870.501900144149,11
postgresql,insert_batch,100,100,0.003921985626220703,25497.288753799392,11
postgresql,insert_batch,500,500,0.014387845993041992,34751.55351550201,11
postgresql,insert_batch,1000,1000,0.024559974670410156,40716.65437036462,11
postgresql,insert_batch,5000,5000,0.10486435890197754,47680.642425647915,11
postgresql,insert_batch,10000,10000,0.19930219650268555,50175.06166754792,11
redis,insert_single,100,1,0.045807600021362305,2183.0438606992107,11
redis,insert_single,1000,1,0.4428102970123291,2258.303401585436,11
redis,insert_single,5000,1,2.2071895599365234,2265.324234382386,11
redis,insert_single,10000,1,4.8362720012664795,2067.708350022763,11
redis,insert_single,50000,1,22.341048002243042,2238.03287988012,11
redis,insert_single,100000,1,43.95474457740784,2275.067252953591,11
redis,insert_batch,1,1,0.0004749298095703125,2105.574297188755,11
redis,insert_batch,10,10,0.0012869834899902344,7770.107447202668,11
redis,insert_batch,50,50,0.006238222122192383,8015.10414676094,11
redis,insert_batch,100,100,0.013521194458007812,7395.796304133164,11
redis,insert_batch,500,500,0.06620192527770996,7552.650438828686,11
redis,insert_batch,1000,1000,0.13675713539123535,7312.232719259555,11
redis,insert_batch,5000,5000,0.7811415195465088,6400.888795288653,11
redis,insert_batch,10000,10000,1.3557891845703125,7375.777970355531,11
mongodb,insert_single,100,1,0.028913497924804688,3458.5922554258195,12
mongodb,insert_single,1000,1,0.2599499225616455,3846.894779369885,12
mongodb,insert_single,5000,1,1.3001470565795898,3845.718816726729,12
mongodb,insert_single,10000,1,2.6009597778320312,3844.7345803768117,12
mongodb,insert_single,50000,1,13.525402784347534,3696.7475791451634,12
mongodb,insert_single,100000,1,27.026726007461548,3700.0412100375,12
mongodb,insert_batch,1,1,0.000827789306640625,1208.036866359447,12
mongodb,insert_batch,10,10,0.0013461112976074219,7428.806234502303,12
mongodb,insert_batch,50,50,0.0012073516845703125,41412.9541864139,12
mongodb,insert_batch,100,100,0.0019690990447998047,50784.64705170118,12
mongodb,insert_batch,500,500,0.006121397018432617,81680.70107108082,12
mongodb,insert_batch,1000,1000,0.00951695442199707,105075.63193626776,12
mongodb,insert_batch,5000,5000,0.12104439735412598,41307.15761566446,12
mongodb,insert_batch,10000,10000,0.11652445793151855,85818.89311063779,12
postgresql,insert_single,100,1,0.27474308013916016,363.9764100677221,12
postgresql,insert_single,1000,1,2.7820403575897217,359.448416077749,12
postgresql,insert_single,5000,1,13.949987888336182,358.42325025820156,12
postgresql,insert_single,10000,1,28.001190662384033,357.12767076843284,12
postgresql,insert_single,50000,1,51.58476376533508,969.2784525961124,12
postgresql,insert_single,100000,1,178.47825360298157,560.2923492429861,12
postgresql,insert_batch,1,1,0.004152774810791016,240.80284762888965,12
postgresql,insert_batch,10,10,0.003533601760864258,2829.973685986101,12
postgresql,insert_batch,50,50,0.004947185516357422,10106.756626506025,12
postgresql,insert_batch,100,100,0.005439281463623047,18384.781274655914,12
postgresql,insert_batch,500,500,0.02090740203857422,23914.97514026365,12
postgresql,insert_batch,1000,1000,0.02774190902709961,36046.5460045721,12
postgresql,insert_batch,5000,5000,0.11040043830871582,45289.67526395467,12
postgresql,insert_batch,10000,10000,0.20227360725402832,49437.98716874293,12
redis,insert_single,100,1,0.04423642158508301,2260.5806802809084,12
redis,insert_single,1000,1,0.4408700466156006,2268.2420991778354,12
redis,insert_single,5000,1,2.1620590686798096,2312.610266958657,12
redis,insert_single,10000,1,4.413103103637695,2265.979236188037,12
redis,insert_single,50000,1,22.645378589630127,2207.95602078811,12
redis,insert_single,100000,1,46.025083780288696,2172.7282556914606,12
redis,insert_batch,1,1,0.0003554821014404297,2813.081153588196,12
redis,insert_batch,10,10,0.0013685226440429688,7307.149825783972,12
redis,insert_batch,50,50,0.007817268371582031,6396.096132731487,12
redis,insert_batch,100,100,0.013309001922607422,7513.711439934076,12
redis,insert_batch,500,500,0.07636117935180664,6547.829725054796,12
redis,insert_batch,1000,1000,0.1466836929321289,6817.390399781547,12
redis,insert_batch,5000,5000,0.8182196617126465,6110.8284657133645,12
redis,insert_batch,10000,10000,1.5549485683441162,6431.080875330252,12
mongodb,insert_single,100,1,0.0307161808013916,3255.6130804995614,13
mongodb,insert_single,1000,1,0.30508995056152344,3277.7218592729205,13
mongodb,insert_single,5000,1,1.5246665477752686,3279.405590222857,13
mongodb,insert_single,10000,1,3.0512733459472656,3277.320274593592,13
mongodb,insert_single,50000,1,15.19588303565979,3290.364889139136,13
mongodb,insert_single,100000,1,29.206629991531372,3423.8801268409115,13
mongodb,insert_batch,1,1,0.0008029937744140625,1245.3396674584324,13
mongodb,insert_batch,10,10,0.00093841552734375,10656.260162601626,13
mongodb,insert_batch,50,50,0.0013191699981689453,37902.62063979758,13
mongodb,insert_batch,100,100,0.0018079280853271484,55311.934590531455,13
mongodb,insert_batch,500,500,0.007328987121582031,68222.25113858165,13
mongodb,insert_batch,1000,1000,0.03149056434631348,31755.543946517668,13
mongodb,insert_batch,5000,5000,0.058559417724609375,85383.36264738454,13
mongodb,insert_batch,10000,10000,0.2199721336364746,45460.303697039984,13
postgresql,insert_single,100,1,0.287799596786499,347.4640031347365,13
postgresql,insert_single,1000,1,2.958326578140259,338.0289408847641,13
postgresql,insert_single,5000,1,14.692916870117188,340.30002648208824,13
postgresql,insert_single,10000,1,21.602319955825806,462.9132435983181,13
postgresql,insert_single,50000,1,48.25384163856506,1036.1869294161936,13
postgresql,insert_single,100000,1,193.89423537254333,515.7450906565767,13
postgresql,insert_batch,1,1,0.003278017044067383,305.0624772710743,13
postgresql,insert_batch,10,10,0.0032024383544921875,3122.620607504467,13
postgresql,insert_batch,50,50,0.00441741943359375,11318.825561312608,13
postgresql,insert_batch,100,100,0.004176616668701172,23942.824523347415,13
postgresql,insert_batch,500,500,0.011722564697265625,42652.78229742922,13
postgresql,insert_batch,1000,1000,0.023240089416503906,43029.09434117116,13
postgresql,insert_batch,5000,5000,0.09655904769897461,51781.78657672383,13
postgresql,insert_batch,10000,10000,0.18669605255126953,53562.99644982505,13
redis,insert_single,100,1,0.04498863220214844,2222.783736804172,13
redis,insert_single,1000,1,0.4283444881439209,2334.5695524953426,13
redis,insert_single,5000,1,2.1753597259521484,2298.4704278330405,13
redis,insert_single,10000,1,4.38231897354126,2281.8968816227475,13
redis,insert_single,50000,1,22.167540550231934,2255.550176470834,13
redis,insert_single,100000,1,44.82292866706848,2231.0010294679887,13
redis,insert_batch,1,1,0.0005118846893310547,1953.5649743828599,13
redis,insert_batch,10,10,0.0015647411346435547,6390.8334603077865,13
redis,insert_batch,50,50,0.00701141357421875,7131.229597388466,13
redis,insert_batch,100,100,0.013785839080810547,7253.8203451973295,13
redis,insert_batch,500,500,0.0695044994354248,7193.778878510443,13
redis,insert_batch,1000,1000,0.1446981430053711,6910.938725474042,13
redis,insert_batch,5000,5000,0.715294361114502,6990.1291996898835,13
redis,insert_batch,10000,10000,1.5398859977722168,6493.98722663054,13
mongodb,insert_single,100,1,0.03133416175842285,3191.4049838310825,14
mongodb,insert_single,1000,1,0.2792644500732422,3580.8352969299594,14
mongodb,insert_single,5000,1,1.3703978061676025,3648.575601549445,14
mongodb,insert_single,10000,1,2.730307102203369,3662.5916520269675,14
mongodb,insert_single,50000,1,13.731863498687744,3641.1664013976065,14
mongodb,insert_single,100000,1,27.790931701660156,3598.2960583515187,14
mongodb,insert_batch,1,1,0.0008502006530761719,1176.192933258553,14
mongodb,insert_batch,10,10,0.00086212158203125,11599.29203539823,14
mongodb,insert_batch,50,50,0.0015604496002197266,32042.047364400307,14
mongodb,insert_batch,100,100,0.0017597675323486328,56825.68757620919,14
mongodb,insert_batch,500,500,0.006223440170288086,80341.41669539899,14
mongodb,insert_batch,1000,1000,0.010042428970336914,99577.50290828802,14
mongodb,insert_batch,5000,5000,0.05858111381530762,85351.74008066519,14
mongodb,insert_batch,10000,10000,0.1861107349395752,53731.45188667764,14
postgresql,insert_single,100,1,0.2705843448638916,369.5705309569985,14
postgresql,insert_single,1000,1,2.7678604125976562,361.2898957796405,14
postgresql,insert_single,5000,1,13.221977233886719,378.15826722084023,14
postgresql,insert_single,10000,1,9.015321969985962,1109.222724744857,14
postgresql,insert_single,50000,1,44.79202628135681,1116.2701076734015,14
postgresql,insert_single,100000,1,210.38195490837097,475.3259377381185,14
postgresql,insert_batch,1,1,0.003954410552978516,252.88218979862535,14
postgresql,insert_batch,10,10,0.0029091835021972656,3437.3905917062775,14
postgresql,insert_batch,50,50,0.004909992218017578,10183.315528794794,14
postgresql,insert_batch,100,100,0.004265308380126953,23444.96366685299,14
postgresql,insert_batch,500,500,0.014166593551635742,35294.29980309329,14
postgresql,insert_batch,1000,1000,0.026492834091186523,37746.05603002187,14
postgresql,insert_batch,5000,5000,0.10927486419677734,45756.17674524144,14
postgresql,insert_batch,10000,10000,0.21828174591064453,45812.35118072394,14
redis,insert_single,100,1,0.04632973670959473,2158.44093021341,14
redis,insert_single,1000,1,0.4298861026763916,2326.197552733583,14
redis,insert_single,5000,1,2.1343636512756348,2342.6186053213914,14
redis,insert_single,10000,1,4.290650367736816,2330.649002583421,14
redis,insert_single,50000,1,21.720816612243652,2301.939236106614,14
redis,insert_single,100000,1,44.485053300857544,2247.946053333655,14
redis,insert_batch,1,1,0.0004372596740722656,2286.970556161396,14
redis,insert_batch,10,10,0.0014591217041015625,6853.437908496732,14
redis,insert_batch,50,50,0.006559848785400391,7622.126917205786,14
redis,insert_batch,100,100,0.013998031616210938,7143.861561520644,14
redis,insert_batch,500,500,0.07228589057922363,6916.979178004479,14
redis,insert_batch,1000,1000,0.14277887344360352,7003.837303667981,14
redis,insert_batch,5000,5000,0.7090561389923096,7051.627826120874,14
redis,insert_batch,10000,10000,1.4580790996551514,6858.33848270995,14
mongodb,insert_single,100,1,0.025896310806274414,3861.5539004023312,15
mongodb,insert_single,1000,1,0.28101348876953125,3558.5480411587437,15
mongodb,insert_single,5000,1,1.4233894348144531,3512.742105361895,15
mongodb,insert_single,10000,1,2.890981435775757,3459.0329347156917,15
mongodb,insert_single,50000,1,14.324029207229614,3490.6379536537133,15
mongodb,insert_single,100000,1,28.729719400405884,3480.716209103916,15
mongodb,insert_batch,1,1,0.0035626888275146484,280.686876798501,15
mongodb,insert_batch,10,10,0.0012388229370117188,8072.178598922248,15
mongodb,insert_batch,50,50,0.0019850730895996094,25187.989430699014,15
mongodb,insert_batch,100,100,0.0015397071838378906,64947.41406008052,15
mongodb,insert_batch,500,500,0.004976749420166016,100467.18405672128,15
mongodb,insert_batch,1000,1000,0.08794283866882324,11371.022531644883,15
mongodb,insert_batch,5000,5000,0.05107760429382324,97890.26069503116,15
mongodb,insert_batch,10000,10000,0.1814289093017578,55118.007590332316,15
postgresql,insert_single,100,1,0.09183120727539062,1088.9544302745815,15
postgresql,insert_single,1000,1,0.9026215076446533,1107.8840815675344,15
postgresql,insert_single,5000,1,4.520651578903198,1106.0352501692028,15
postgresql,insert_single,10000,1,9.130537271499634,1095.2258013572034,15
postgresql,insert_single,50000,1,46.74891519546509,1069.5435346668812,15
postgresql,insert_single,100000,1,228.18153309822083,438.2475594856967,15
postgresql,insert_batch,1,1,0.00400543212890625,249.66095238095238,15
postgresql,insert_batch,10,10,0.003966569900512695,2521.0699044298854,15
postgresql,insert_batch,50,50,0.0046770572662353516,10690.48274455829,15
postgresql,insert_batch,100,100,0.005289793014526367,18904.331365213864,15
postgresql,insert_batch,500,500,0.010771751403808594,46417.706949977866,15
postgresql,insert_batch,1000,1000,0.023140430450439453,43214.40787982444,15
postgresql,insert_batch,5000,5000,0.11628937721252441,42996.18864466236,15
postgresql,insert_batch,10000,10000,0.20150351524353027,49626.9258028295,15
redis,insert_single,100,1,0.047861576080322266,2089.358692078547,15
redis,insert_single,1000,1,0.42945027351379395,2328.558302729501,15
redis,insert_single,5000,1,2.162975549697876,2311.630383754638,15
redis,insert_single,10000,1,4.3284642696380615,2310.2882170345792,15
redis,insert_single,50000,1,21.86601495742798,2286.6535167632264,15
redis,insert_single,100000,1,44.133195877075195,2265.8680843900675,15
redis,insert_batch,1,1,0.0004372596740722656,2286.970556161396,15
redis,insert_batch,10,10,0.0013916492462158203,7185.718691108446,15
redis,insert_batch,50,50,0.007250070571899414,6896.484593376961,15
redis,insert_batch,100,100,0.01578235626220703,6336.189497854855,15
redis,insert_batch,500,500,0.07066798210144043,7075.339993184954,15
redis,insert_batch,1000,1000,0.1405951976776123,7112.618471457472,15
redis,insert_batch,5000,5000,0.7281372547149658,6866.837217328322,15
redis,insert_batch,10000,10000,1.4977467060089111,6676.696373212056,15
mongodb,insert_single,100,1,0.027441978454589844,3644.05212858384,16
mongodb,insert_single,1000,1,0.2728128433227539,3665.516578400014,16
mongodb,insert_single,5000,1,1.4693820476531982,3402.790995021122,16
mongodb,insert_single,10000,1,2.9754321575164795,3360.8563296387692,16
mongodb,insert_single,50000,1,14.085911273956299,3549.646098683436,16
mongodb,insert_single,100000,1,27.89850115776062,3584.421952796653,16
mongodb,insert_batch,1,1,0.009874105453491211,101.27499698176989,16
mongodb,insert_batch,10,10,0.0010640621185302734,9397.947568899843,16
mongodb,insert_batch,50,50,0.0013892650604248047,35990.25227389737,16
mongodb,insert_batch,100,100,0.001711130142211914,58440.908457572805,16
mongodb,insert_batch,500,500,0.00540471076965332,92511.88848206803,16
mongodb,insert_batch,1000,1000,0.010089635848999023,99111.60471655757,16
mongodb,insert_batch,5000,5000,0.0488436222076416,102367.51031166867,16
mongodb,insert_batch,10000,10000,0.18769407272338867,53278.187504287096,16
postgresql,insert_single,100,1,0.28954052925109863,345.3747917731989,16
postgresql,insert_single,1000,1,2.816713571548462,355.0236737242187,16
postgresql,insert_single,5000,1,14.043076992034912,356.04732515786594,16
postgresql,insert_single,10000,1,28.70263648033142,348.40005052680556,16
postgresql,insert_single,50000,1,63.95387840270996,781.8134138035531,16
postgresql,insert_single,100000,1,176.17498016357422,567.6174897658703,16
postgresql,insert_batch,1,1,0.0017504692077636719,571.2754017978752,16
postgresql,insert_batch,10,10,0.004663228988647461,2144.436832148883,16
postgresql,insert_batch,50,50,0.002328157424926758,21476.21095750128,16
postgresql,insert_batch,100,100,0.006181478500366211,16177.359509391754,16
postgresql,insert_batch,500,500,0.011246919631958008,44456.61713268183,16
postgresql,insert_batch,1000,1000,0.022718429565429688,44017.12702543867,16
postgresql,insert_batch,5000,5000,0.09063315391540527,55167.45014376169,16
postgresql,insert_batch,10000,10000,0.17132925987243652,58367.146437482515,16
redis,insert_single,100,1,0.04630780220031738,2159.4633139232556,16
redis,insert_single,1000,1,0.4464876651763916,2239.70353045461,16
redis,insert_single,5000,1,2.217916250228882,2254.3682609674806,16
redis,insert_single,10000,1,4.497281312942505,2223.5655953345617,16
redis,insert_single,50000,1,23.115217685699463,2163.0771849028774,16
redis,insert_single,100000,1,45.569904088974,2194.430776170885,16
redis,insert_batch,1,1,0.00049591064453125,2016.4923076923078,16
redis,insert_batch,10,10,0.0014045238494873047,7119.850619589204,16
redis,insert_batch,50,50,0.006880283355712891,7267.142560121976,16
redis,insert_batch,100,100,0.0129547119140625,7719.199057714959,16
redis,insert_batch,500,500,0.06964349746704102,7179.421169027682,16
redis,insert_batch,1000,1000,0.14150786399841309,7066.745068042397,16
redis,insert_batch,5000,5000,0.7028799057006836,7113.5907563264645,16
redis,insert_batch,10000,10000,1.4977214336395264,6676.809034974934,16
mongodb,insert_single,100,1,0.03258800506591797,3068.613736794358,17
mongodb,insert_single,1000,1,0.28062915802001953,3563.421588317854,17
mongodb,insert_single,5000,1,1.384927749633789,3610.2966391727873,17
mongodb,insert_single,10000,1,2.7970962524414062,3575.136176051017,17
mongodb,insert_single,50000,1,14.203330755233765,3520.3010379502407,17
mongodb,insert_single,100000,1,28.35106921195984,3527.203833209056,17
mongodb,insert_batch,1,1,0.0007748603820800781,1290.555076923077,17
mongodb,insert_batch,10,10,0.0008931159973144531,11196.753870795515,17
mongodb,insert_batch,50,50,0.001348733901977539,37071.80484355665,17
mongodb,insert_batch,100,100,0.0023717880249023438,42162.28387615601,17
mongodb,insert_batch,500,500,0.006189823150634766,80777.75209922194,17
mongodb,insert_batch,1000,1000,0.011113405227661133,89981.42149185849,17
mongodb,insert_batch,5000,5000,0.048041343688964844,104077.02233250621,17
mongodb,insert_batch,10000,10000,0.10324740409851074,96854.73535449636,17
postgresql,insert_single,100,1,0.31345081329345703,319.0293205791704,17
postgresql,insert_single,1000,1,2.875971555709839,347.70858495267106,17
postgresql,insert_single,5000,1,14.179131507873535,352.6309067112854,17
postgresql,insert_single,10000,1,28.508888959884644,350.76779084836227,17
postgresql,insert_single,50000,1,50.77051115036011,984.8236479621371,17
postgresql,insert_single,100000,1,193.03619647026062,518.0375589062444,17
postgresql,insert_batch,1,1,0.003414630889892578,292.8574221477447,17
postgresql,insert_batch,10,10,0.003014802932739258,3316.966389877422,17
postgresql,insert_batch,50,50,0.004507541656494141,11092.520892838253,17
postgresql,insert_batch,100,100,0.00449681282043457,22237.972535920682,17
postgresql,insert_batch,500,500,0.011828422546386719,42271.063452390554,17
postgresql,insert_batch,1000,1000,0.020520925521850586,48730.745547280734,17
postgresql,insert_batch,5000,5000,0.0939784049987793,53203.71206624486,17
postgresql,insert_batch,10000,10000,0.2831246852874756,35320.12756092365,17
redis,insert_single,100,1,0.04974794387817383,2010.1333282213,17
redis,insert_single,1000,1,0.47037434577941895,2125.9662840306087,17
redis,insert_single,5000,1,2.350996732711792,2126.7575281709032,17
redis,insert_single,10000,1,4.805131912231445,2081.108319741449,17
redis,insert_single,50000,1,24.21898365020752,2064.496211820663,17
redis,insert_single,100000,1,49.077019453048706,2037.6135534405994,17
redis,insert_batch,1,1,0.0004703998565673828,2125.8509883426254,17
redis,insert_batch,10,10,0.0013587474822998047,7359.719248991051,17
redis,insert_batch,50,50,0.00862884521484375,5794.518125552609,17
redis,insert_batch,100,100,0.015088796615600586,6627.433754167522,17
redis,insert_batch,500,500,0.07714533805847168,6481.273043628756,17
redis,insert_batch,1000,1000,0.1604764461517334,6231.444077808664,17
redis,insert_batch,5000,5000,0.7437233924865723,6722.929587145229,17
redis,insert_batch,10000,10000,1.5713419914245605,6363.986996194326,17
mongodb,insert_single,100,1,0.027486801147460938,3638.1097772534868,18
mongodb,insert_single,1000,1,0.3099477291107178,3226.3504651869403,18
mongodb,insert_single,5000,1,1.5326485633850098,3262.326484655421,18
mongodb,insert_single,10000,1,3.1031951904296875,3222.4850150709785,18
mongodb,insert_single,50000,1,15.502307176589966,3225.326361453152,18
mongodb,insert_single,100000,1,31.025830268859863,3223.1208362010675,18
mongodb,insert_batch,1,1,0.0009784698486328125,1022.0038986354775,18
mongodb,insert_batch,10,10,0.0009400844573974609,10637.342125285315,18
mongodb,insert_batch,50,50,0.0017561912536621094,28470.703231061634,18
mongodb,insert_batch,100,100,0.0018715858459472656,53430.62420382166,18
mongodb,insert_batch,500,500,0.0057830810546875,86459.10290237467,18
mongodb,insert_batch,1000,1000,0.01201629638671875,83220.31746031746,18
mongodb,insert_batch,5000,5000,0.04805445671081543,104048.62196422812,18
mongodb,insert_batch,10000,10000,0.11304497718811035,88460.36550000527,18
postgresql,insert_single,100,1,0.2964348793029785,337.3422190908667,18
postgresql,insert_single,1000,1,2.8503105640411377,350.83896211724084,18
postgresql,insert_single,5000,1,14.387588024139404,347.5217660952643,18
postgresql,insert_single,10000,1,19.653595685958862,508.81274652171203,18
postgresql,insert_single,50000,1,48.998623847961426,1020.4368219635262,18
postgresql,insert_single,100000,1,206.33294010162354,484.6535892463307,18
postgresql,insert_batch,1,1,0.004100799560546875,243.85488372093025,18
postgresql,insert_batch,10,10,0.0047931671142578125,2086.3032232391565,18
postgresql,insert_batch,50,50,0.003452777862548828,14481.093771578511,18
postgresql,insert_batch,100,100,0.005563974380493164,17972.764279898875,18
postgresql,insert_batch,500,500,0.012723922729492188,39296.05756258432,18
postgresql,insert_batch,1000,1000,0.024448633193969727,40902.08201277488,18
postgresql,insert_batch,5000,5000,0.09666991233825684,51722.40130418805,18
postgresql,insert_batch,10000,10000,0.2093980312347412,47755.940879834314,18
redis,insert_single,100,1,0.050759077072143555,1970.0909821088874,18
redis,insert_single,1000,1,0.49712491035461426,2011.566870158789,18
redis,insert_single,5000,1,2.801701068878174,1784.6300790405326,18
redis,insert_single,10000,1,5.037905931472778,1984.9517112910057,18
redis,insert_single,50000,1,24.299415588378906,2057.662655225021,18
redis,insert_single,100000,1,48.818958044052124,2048.3845621974215,18
redis,insert_batch,1,1,0.0003952980041503906,2529.7370325693605,18
redis,insert_batch,10,10,0.0015554428100585938,6429.037400367873,18
redis,insert_batch,50,50,0.007478952407836914,6685.428289075202,18
redis,insert_batch,100,100,0.015305519104003906,6533.59087793632,18
redis,insert_batch,500,500,0.07787179946899414,6420.809630822551,18
redis,insert_batch,1000,1000,0.15689444541931152,6373.71193943437,18
redis,insert_batch,5000,5000,0.8503551483154297,5879.896193849238,18
redis,insert_batch,10000,10000,1.5490059852600098,6455.752976526712,18
mongodb,insert_single,100,1,0.036216020584106445,2761.2089452998994,19
mongodb,insert_single,1000,1,0.3238232135772705,3088.104737622155,19
mongodb,insert_single,5000,1,1.6373844146728516,3053.6506608919917,19
mongodb,insert_single,10000,1,3.024523973464966,3306.305417888212,19
mongodb,insert_single,50000,1,15.222970485687256,3284.51007948878,19
mongodb,insert_single,100000,1,31.67443871498108,3157.1198751093557,19
mongodb,insert_batch,1,1,0.008739233016967773,114.42651752830446,19
mongodb,insert_batch,10,10,0.0009288787841796875,10765.667351129363,19
mongodb,insert_batch,50,50,0.0013706684112548828,36478.55279178988,19
mongodb,insert_batch,100,100,0.001987934112548828,50303.47805229072,19
mongodb,insert_batch,500,500,0.005386829376220703,92818.97848986456,19
mongodb,insert_batch,1000,1000,0.011034011840820312,90628.86776145203,19
mongodb,insert_batch,5000,5000,0.1188204288482666,42080.30595803511,19
mongodb,insert_batch,10000,10000,0.09961915016174316,100382.30584946617,19
postgresql,insert_single,100,1,0.29374217987060547,340.4345948683651,19
postgresql,insert_single,1000,1,2.7958014011383057,357.6791969532785,19
postgresql,insert_single,5000,1,10.250319004058838,487.78969688847155,19
postgresql,insert_single,10000,1,9.326461791992188,1072.2179775170603,19
postgresql,insert_single,50000,1,48.226649045944214,1036.771183342354,19
postgresql,insert_single,100000,1,217.0187246799469,460.7897320725536,19
postgresql,insert_batch,1,1,0.002299070358276367,434.9584154308825,19
postgresql,insert_batch,10,10,0.0056018829345703125,1785.1140619679945,19
postgresql,insert_batch,50,50,0.0021865367889404297,22867.211863482717,19
postgresql,insert_batch,100,100,0.00619196891784668,16149.951869392784,19
postgresql,insert_batch,500,500,0.014333248138427734,34883.92827439369,19
postgresql,insert_batch,1000,1000,0.025519132614135742,39186.28486009249,19
postgresql,insert_batch,5000,5000,0.14704275131225586,34003.71630276518,19
postgresql,insert_batch,10000,10000,0.22952055931091309,43569.081698053036,19
redis,insert_single,100,1,0.04199028015136719,2381.50352032705,19
redis,insert_single,1000,1,0.4299452304840088,2325.8776446345382,19
redis,insert_single,5000,1,2.1842737197875977,2289.0903986548938,19
redis,insert_single,10000,1,4.44070839881897,2251.892964343156,19
redis,insert_single,50000,1,22.15087342262268,2257.247334948653,19
redis,insert_single,100000,1,46.75325274467468,2138.888614790342,19
redis,insert_batch,1,1,0.00048351287841796875,2068.197238658777,19
redis,insert_batch,10,10,0.001386404037475586,7212.904557179708,19
redis,insert_batch,50,50,0.006856441497802734,7292.412546074136,19
redis,insert_batch,100,100,0.014319658279418945,6983.40686968249,19
redis,insert_batch,500,500,0.07219767570495605,6925.430702829082,19
redis,insert_batch,1000,1000,0.14668941497802734,6817.12446770471,19
redis,insert_batch,5000,5000,0.8326406478881836,6004.991484239256,19
redis,insert_batch,10000,10000,1.4800069332122803,6756.725104182793,19
mongodb,insert_single,100,1,0.03481912612915039,2871.984771504088,20
mongodb,insert_single,1000,1,0.2886078357696533,3464.9093893560475,20
mongodb,insert_single,5000,1,1.481888771057129,3374.0723984521255,20
mongodb,insert_single,10000,1,2.9513282775878906,3388.3048781591187,20
mongodb,insert_single,50000,1,14.568744897842407,3432.0046339341743,20
mongodb,insert_single,100000,1,29.037702560424805,3443.7986198084764,20
mongodb,insert_batch,1,1,0.007969141006469727,125.48403889304413,20
mongodb,insert_batch,10,10,0.0010178089141845703,9825.026938393066,20
mongodb,insert_batch,50,50,0.002047300338745117,24422.405962501456,20
mongodb,insert_batch,100,100,0.0018188953399658203,54978.424433084285,20
mongodb,insert_batch,500,500,0.00518345832824707,96460.69638011132,20
mongodb,insert_batch,1000,1000,0.012630224227905273,79175.1580934403,20
mongodb,insert_batch,5000,5000,0.05885052680969238,84961.00665621442,20
mongodb,insert_batch,10000,10000,0.18955111503601074,52756.218279698376,20
postgresql,insert_single,100,1,0.09500312805175781,1052.5969202352987,20
postgresql,insert_single,1000,1,0.9289824962615967,1076.446546650977,20
postgresql,insert_single,5000,1,4.707206726074219,1062.2010655074776,20
postgresql,insert_single,10000,1,9.29819631576538,1075.4774001754179,20
postgresql,insert_single,50000,1,47.17295265197754,1059.9294127056078,20
postgresql,insert_single,100000,1,227.22609877586365,440.0902912945763,20
postgresql,insert_batch,1,1,0.003641843795776367,274.5861865793781,20
postgresql,insert_batch,10,10,0.002929210662841797,3413.8889793260623,20
postgresql,insert_batch,50,50,0.0033426284790039062,14958.288159771755,20
postgresql,insert_batch,100,100,0.007901191711425781,12656.318648159324,20
postgresql,insert_batch,500,500,0.014835834503173828,33702.18236749912,20
postgresql,insert_batch,1000,1000,0.022670745849609375,44109.70890122833,20
postgresql,insert_batch,5000,5000,0.10893535614013672,45898.780498481094,20
postgresql,insert_batch,10000,10000,0.22329258918762207,44784.28969085704,20
redis,insert_single,100,1,0.04639697074890137,2155.3131246691983,20
redis,insert_single,1000,1,0.4831552505493164,2069.7281026400196,20
redis,insert_single,5000,1,2.367218494415283,2112.1835655626833,20
redis,insert_single,10000,1,4.805854082107544,2080.7955941131345,20
redis,insert_single,50000,1,23.74351477622986,2105.8381823931168,20
redis,insert_single,100000,1,46.82986330986023,2135.389534202304,20
redis,insert_batch,1,1,0.0005557537078857422,1799.3582153582154,20
redis,insert_batch,10,10,0.0013425350189208984,7448.595276149885,20
redis,insert_batch,50,50,0.007683515548706055,6507.437862661744,20
redis,insert_batch,100,100,0.013019084930419922,7681.031388492107,20
redis,insert_batch,500,500,0.06964302062988281,7179.470325637444,20
redis,insert_batch,1000,1000,0.1420760154724121,7038.485677367387,20
redis,insert_batch,5000,5000,0.7375349998474121,6779.339286995797,20
redis,insert_batch,10000,10000,1.5163893699645996,6594.612306094873,20
mongodb,insert_single,100,1,0.03442239761352539,2905.08526229758,21
mongodb,insert_single,1000,1,0.2817513942718506,3549.2282215119767,21
mongodb,insert_single,5000,1,1.4222354888916016,3515.5922061097467,21
mongodb,insert_single,10000,1,2.9483346939086914,3391.7451843782073,21
mongodb,insert_single,50000,1,14.677952527999878,3406.469662891964,21
mongodb,insert_single,100000,1,28.897647619247437,3460.4892867955955,21
mongodb,insert_batch,1,1,0.007306098937988281,136.87194883174521,21
mongodb,insert_batch,10,10,0.0010204315185546875,9799.775700934579,21
mongodb,insert_batch,50,50,0.0014638900756835938,34155.57003257329,21
mongodb,insert_batch,100,100,0.0016531944274902344,60488.95298528988,21
mongodb,insert_batch,500,500,0.004904508590698242,101947.01278498858,21
mongodb,insert_batch,1000,1000,0.009852886199951172,101493.10361515752,21
mongodb,insert_batch,5000,5000,0.0457615852355957,109261.9491710865,21
mongodb,insert_batch,10000,10000,0.19710040092468262,50735.56397189303,21
postgresql,insert_single,100,1,0.343045711517334,291.50634053312467,21
postgresql,insert_single,1000,1,2.909271001815796,343.72872082932764,21
postgresql,insert_single,5000,1,13.999358415603638,357.159224841834,21
postgresql,insert_single,10000,1,27.961114168167114,357.6395396784545,21
postgresql,insert_single,50000,1,59.9974045753479,833.3693824573256,21
postgresql,insert_single,100000,1,177.8348171710968,562.3195816811784,21
postgresql,insert_batch,1,1,0.0029850006103515625,335.0083067092652,21
postgresql,insert_batch,10,10,0.003319978713989258,3012.0675044883305,21
postgresql,insert_batch,50,50,0.0045337677001953125,11028.355069415229,21
postgresql,insert_batch,100,100,0.005645036697387695,17714.676690459095,21
postgresql,insert_batch,500,500,0.017431020736694336,28684.493441479393,21
postgresql,insert_batch,1000,1000,0.02248859405517578,44466.98613290361,21
postgresql,insert_batch,5000,5000,0.10495758056640625,47638.29323253616,21
postgresql,insert_batch,10000,10000,0.19682931900024414,50805.43920383933,21
redis,insert_single,100,1,0.045850276947021484,2181.0119078571056,21
redis,insert_single,1000,1,0.4255075454711914,2350.134587842941,21
redis,insert_single,5000,1,2.161815643310547,2312.870672146277,21
redis,insert_single,10000,1,4.501325607299805,2221.567794114469,21
redis,insert_single,50000,1,22.016168117523193,2271.0582392493548,21
redis,insert_single,100000,1,44.83695125579834,2230.3032922442053,21
redis,insert_batch,1,1,0.0004699230194091797,2128.0081177067477,21
redis,insert_batch,10,10,0.001344442367553711,7438.028019152332,21
redis,insert_batch,50,50,0.006936073303222656,7208.68967413722,21
redis,insert_batch,100,100,0.013433218002319336,7444.2326464689495,21
redis,insert_batch,500,500,0.06947112083435059,7197.235253944122,21
redis,insert_batch,1000,1000,0.14294099807739258,6995.893504665259,21
redis,insert_batch,5000,5000,0.7229681015014648,6915.9344507952255,21
redis,insert_batch,10000,10000,1.5032775402069092,6652.131580854732,21
mongodb,insert_single,100,1,0.02718949317932129,3677.8912847133925,22
mongodb,insert_single,1000,1,0.2795391082763672,3577.316984968511,22
mongodb,insert_single,5000,1,1.3990509510040283,3573.8512571052197,22
mongodb,insert_single,10000,1,2.8032522201538086,3567.285144057184,22
mongodb,insert_single,50000,1,13.891358375549316,3599.3600228475,22
mongodb,insert_single,100000,1,28.498494148254395,3508.9573322640017,22
mongodb,insert_batch,1,1,0.00821065902709961,121.79290318833846,22
mongodb,insert_batch,10,10,0.0015099048614501953,6622.933838623086,22
mongodb,insert_batch,50,50,0.0013020038604736328,38402.34389305988,22
mongodb,insert_batch,100,100,0.0019769668579101562,50582.537385431744,22
mongodb,insert_batch,500,500,0.007171154022216797,69723.78482611876,22
mongodb,insert_batch,1000,1000,0.016863584518432617,59299.373683392005,22
mongodb,insert_batch,5000,5000,0.052863359451293945,94583.47051527794,22
mongodb,insert_batch,10000,10000,0.18793892860412598,53208.77411759632,22
postgresql,insert_single,100,1,0.3137800693511963,318.6945563711877,22
postgresql,insert_single,1000,1,2.944382667541504,339.6297672255279,22
postgresql,insert_single,5000,1,14.293972492218018,349.79779083261286,22
postgresql,insert_single,10000,1,28.308898210525513,353.24582135386345,22
postgresql,insert_single,50000,1,47.93250513076782,1043.1334615954604,22
postgresql,insert_single,100000,1,189.9095549583435,526.566449075903,22
postgresql,insert_batch,1,1,0.0023097991943359375,432.93806771263417,22
postgresql,insert_batch,10,10,0.0059566497802734375,1678.7960294588536,22
postgresql,insert_batch,50,50,0.003717184066772461,13451.042267975114,22
postgresql,insert_batch,100,100,0.005250692367553711,19045.10738773101,22
postgresql,insert_batch,500,500,0.012541770935058594,39866.778191772486,22
postgresql,insert_batch,1000,1000,0.027692556381225586,36110.78682060421,22
postgresql,insert_batch,5000,5000,0.128798246383667,38820.40431750827,22
postgresql,insert_batch,10000,10000,0.22618675231933594,44211.25418469141,22
redis,insert_single,100,1,0.04278063774108887,2337.506060690501,22
redis,insert_single,1000,1,0.4474461078643799,2234.9060197951217,22
redis,insert_single,5000,1,2.303414821624756,2170.6902087541307,22
redis,insert_single,10000,1,4.554320335388184,2195.717310944852,22
redis,insert_single,50000,1,23.01514482498169,2172.4825274932755,22
redis,insert_single,100000,1,45.622894287109375,2191.881982994988,22
redis,insert_batch,1,1,0.0005679130554199219,1760.832913518052,22
redis,insert_batch,10,10,0.0024733543395996094,4043.092346250241,22
redis,insert_batch,50,50,0.008115053176879883,6161.389076593119,22
redis,insert_batch,100,100,0.015709877014160156,6365.422206034116,22
redis,insert_batch,500,500,0.06986403465270996,7156.758158693107,22
redis,insert_batch,1000,1000,0.14317107200622559,6984.651200743377,22
redis,insert_batch,5000,5000,0.7268297672271729,6879.189908628542,22
redis,insert_batch,10000,10000,1.5383617877960205,6500.421473889309,22
mongodb,insert_single,100,1,0.02727961540222168,3665.7408297572956,23
mongodb,insert_single,1000,1,0.27692317962646484,3611.10977184675,23
mongodb,insert_single,5000,1,1.4127452373504639,3539.208533717842,23
mongodb,insert_single,10000,1,2.8063321113586426,3563.370122703921,23
mongodb,insert_single,50000,1,12.731331586837769,3927.318965731148,23
mongodb,insert_single,100000,1,23.1575984954834,4318.237058108757,23
mongodb,insert_batch,1,1,0.007059812545776367,141.6468204383506,23
mongodb,insert_batch,10,10,0.0008597373962402344,11631.458679977815,23
mongodb,insert_batch,50,50,0.001407623291015625,35520.86720867208,23
mongodb,insert_batch,100,100,0.0016438961029052734,60831.09499637419,23
mongodb,insert_batch,500,500,0.0233304500579834,21431.219661744417,23
mongodb,insert_batch,1000,1000,0.008677482604980469,115240.79569183427,23
mongodb,insert_batch,5000,5000,0.042728424072265625,117018.12338184091,23
mongodb,insert_batch,10000,10000,0.14772391319274902,67693.84714952736,23
postgresql,insert_single,100,1,0.2631704807281494,379.9818266977225,23
postgresql,insert_single,1000,1,2.548053741455078,392.45640063656793,23
postgresql,insert_single,5000,1,13.423939943313599,372.4688892466683,23
postgresql,insert_single,10000,1,13.91517949104309,718.6396701844047,23
postgresql,insert_single,50000,1,38.36665058135986,1303.2151423792022,23
postgresql,insert_single,100000,1,182.2370684146881,548.7357806505414,23
postgresql,insert_batch,1,1,0.003914833068847656,255.43873325213156,23
postgresql,insert_batch,10,10,0.005141019821166992,1945.1393590873256,23
postgresql,insert_batch,50,50,0.0033288002014160156,15020.42687294084,23
postgresql,insert_batch,100,100,0.004327058792114258,23110.386247176153,23
postgresql,insert_batch,500,500,0.00940561294555664,53159.74651457541,23
postgresql,insert_batch,1000,1000,0.020345687866210938,49150.4640479985,23
postgresql,insert_batch,5000,5000,0.08883523941040039,56283.97056376509,23
postgresql,insert_batch,10000,10000,0.16205215454101562,61708.52851863186,23
redis,insert_single,100,1,0.0410614013671875,2435.3771832032703,23
redis,insert_single,1000,1,0.38051271438598633,2628.0330779843935,23
redis,insert_single,5000,1,1.9162943363189697,2609.2025140587502,23
redis,insert_single,10000,1,3.8686001300811768,2584.914352414646,23
redis,insert_single,50000,1,19.204604148864746,2603.5423387237943,23
redis,insert_single,100000,1,38.6759135723114,2585.588568270856,23
redis,insert_batch,1,1,0.0005075931549072266,1970.0817285110381,23
redis,insert_batch,10,10,0.0012688636779785156,7881.0672679443815,23
redis,insert_batch,50,50,0.006536960601806641,7648.814647311985,23
redis,insert_batch,100,100,0.011717081069946289,8534.54878420999,23
redis,insert_batch,500,500,0.060633182525634766,8246.309680159173,23
redis,insert_batch,1000,1000,0.1224663257598877,8165.509937487954,23
redis,insert_batch,5000,5000,0.6182470321655273,8087.382130224795,23
redis,insert_batch,10000,10000,1.3151981830596924,7603.416830105318,23
mongodb,insert_single,100,1,0.02305293083190918,4337.843232565596,24
mongodb,insert_single,1000,1,0.22675156593322754,4410.112873462907,24
mongodb,insert_single,5000,1,1.1200249195098877,4464.186388092108,24
mongodb,insert_single,10000,1,2.2781496047973633,4389.527351031663,24
mongodb,insert_single,50000,1,11.311078310012817,4420.445038890668,24
mongodb,insert_single,100000,1,22.81972360610962,4382.174023055502,24
mongodb,insert_batch,1,1,0.0033380985260009766,299.57174487536605,24
mongodb,insert_batch,10,10,0.0009856224060058594,10145.873246250605,24
mongodb,insert_batch,50,50,0.0013725757598876953,36427.86173354177,24
mongodb,insert_batch,100,100,0.0016567707061767578,60358.38250107929,24
mongodb,insert_batch,500,500,0.004528522491455078,110411.28777508686,24
mongodb,insert_batch,1000,1000,0.008980274200439453,111355.17442786598,24
mongodb,insert_batch,5000,5000,0.03874945640563965,129034.06818559377,24
mongodb,insert_batch,10000,10000,0.09317183494567871,107328.57205002163,24
postgresql,insert_single,100,1,0.30233097076416016,330.7633344584044,24
postgresql,insert_single,1000,1,2.543463706970215,393.1646428685253,24
postgresql,insert_single,5000,1,8.46674132347107,590.5459738257568,24
postgresql,insert_single,10000,1,9.105884790420532,1098.1909205045165,24
postgresql,insert_single,50000,1,45.20862317085266,1105.98369278002,24
postgresql,insert_single,100000,1,214.7210385799408,465.72054914297524,24
postgresql,insert_batch,1,1,0.005062580108642578,197.52773853254214,24
postgresql,insert_batch,10,10,0.0017914772033691406,5581.985626829917,24
postgresql,insert_batch,50,50,0.0054628849029541016,9152.673154977523,24
postgresql,insert_batch,100,100,0.004326581954956055,23112.9332672067,24
postgresql,insert_batch,500,500,0.014156579971313477,35319.265035283024,24
postgresql,insert_batch,1000,1000,0.02624344825744629,38104.74866679386,24
postgresql,insert_batch,5000,5000,0.10962581634521484,45609.69456551052,24
postgresql,insert_batch,10000,10000,0.30573034286499023,32708.562409246948,24
redis,insert_single,100,1,0.0436854362487793,2289.0923975331552,24
redis,insert_single,1000,1,0.42362189292907715,2360.595655445551,24
redis,insert_single,5000,1,2.1169235706329346,2361.9180538034543,24
redis,insert_single,10000,1,4.233164072036743,2362.2991761783055,24
redis,insert_single,50000,1,22.162592887878418,2256.0537141548516,24
redis,insert_single,100000,1,44.089295387268066,2268.1242492452625,24
redis,insert_batch,1,1,0.00035691261291503906,2801.806279225117,24
redis,insert_batch,10,10,0.0015482902526855469,6458.737295965507,24
redis,insert_batch,50,50,0.007359504699707031,6793.935467150447,24
redis,insert_batch,100,100,0.014387845993041992,6950.310703100403,24
redis,insert_batch,500,500,0.06870055198669434,7277.96190191948,24
redis,insert_batch,1000,1000,0.1386122703552246,7214.368521901263,24
redis,insert_batch,5000,5000,0.7198145389556885,6946.233688547097,24
redis,insert_batch,10000,10000,1.5018653869628906,6658.386355265999,24
mongodb,insert_single,100,1,0.03605461120605469,2773.570332751415,25
mongodb,insert_single,1000,1,0.29493165016174316,3390.6160951243824,25
mongodb,insert_single,5000,1,1.419896125793457,3521.3843528208326,25
mongodb,insert_single,10000,1,2.90493106842041,3442.4224756002955,25
mongodb,insert_single,50000,1,13.68545150756836,3653.5148272125975,25
mongodb,insert_single,100000,1,26.819623470306396,3728.6131220565403,25
mongodb,insert_batch,1,1,0.0009586811065673828,1043.09972643621,25
mongodb,insert_batch,10,10,0.0008988380432128906,11125.474801061007,25
mongodb,insert_batch,50,50,0.0013980865478515625,35763.16507503411,25
mongodb,insert_batch,100,100,0.0028519630432128906,35063.56796522321,25
mongodb,insert_batch,500,500,0.0069692134857177734,71744.10728336356,25
mongodb,insert_batch,1000,1000,0.011556863784790039,86528.66544261754,25
mongodb,insert_batch,5000,5000,0.05487561225891113,91115.15651815002,25
mongodb,insert_batch,10000,10000,0.11604952812194824,86170.10479776969,25
postgresql,insert_single,100,1,0.09023475646972656,1108.2204231752944,25
postgresql,insert_single,1000,1,0.9008302688598633,1110.0870325612516,25
postgresql,insert_single,5000,1,4.407288551330566,1134.4843755443453,25
postgresql,insert_single,10000,1,8.847371101379395,1130.279253058674,25
postgresql,insert_single,50000,1,45.778258085250854,1092.2215499525382,25
postgresql,insert_single,100000,1,229.3040497303009,436.10219757399125,25
postgresql,insert_batch,1,1,0.0025153160095214844,397.56436018957345,25
postgresql,insert_batch,10,10,0.005866289138793945,1704.6551513919935,25
postgresql,insert_batch,50,50,0.002800464630126953,17854.180146432827,25
postgresql,insert_batch,100,100,0.007510185241699219,13315.250793650794,25
postgresql,insert_batch,500,500,0.010934591293334961,45726.44615485249,25
postgresql,insert_batch,1000,1000,0.026848554611206055,37245.95288204527,25
postgresql,insert_batch,5000,5000,0.11585402488708496,43157.7582641014,25
postgresql,insert_batch,10000,10000,0.2189323902130127,45676.20163590408,25
redis,insert_single,100,1,0.04356861114501953,2295.2303819634453,25
redis,insert_single,1000,1,0.43377017974853516,2305.3682495641333,25
redis,insert_single,5000,1,2.1521108150482178,2323.3004383596185,25
redis,insert_single,10000,1,4.3697569370269775,2288.456805289411,25
redis,insert_single,50000,1,22.177592277526855,2254.527875447793,25
redis,insert_single,100000,1,44.849839210510254,2229.6623970184864,25
redis,insert_batch,1,1,0.0004401206970214844,2272.104008667389,25
redis,insert_batch,10,10,0.0015947818756103516,6270.449992525041,25
redis,insert_batch,50,50,0.006681203842163086,7483.681261820648,25
redis,insert_batch,100,100,0.013787031173706055,7253.193145070642,25
redis,insert_batch,500,500,0.07175254821777344,6968.393630878014,25
redis,insert_batch,1000,1000,0.1414051055908203,7071.880437568286,25
redis,insert_batch,5000,5000,0.7837936878204346,6379.229735702451,25
redis,insert_batch,10000,10000,1.4179344177246094,7052.512355294415,25
mongodb,insert_single,100,1,0.03388547897338867,2951.1166148347243,26
mongodb,insert_single,1000,1,0.27510833740234375,3634.9316398125293,26
mongodb,insert_single,5000,1,1.3684899806976318,3653.6621170226535,26
mongodb,insert_single,10000,1,2.758345365524292,3625.3618292281003,26
mongodb,insert_single,50000,1,14.555878639221191,3435.0382576888014,26
mongodb,insert_single,100000,1,28.81578040122986,3470.320727309957,26
mongodb,insert_batch,1,1,0.0011568069458007812,864.4484748557296,26
mongodb,insert_batch,10,10,0.0009219646453857422,10846.402896302043,26
mongodb,insert_batch,50,50,0.0013506412506103516,37019.452780229476,26
mongodb,insert_batch,100,100,0.0019526481628417969,51212.50305250305,26
mongodb,insert_batch,500,500,0.0059278011322021484,84348.30873185054,26
mongodb,insert_batch,1000,1000,0.010202407836914062,98016.07777154609,26
mongodb,insert_batch,5000,5000,0.1265556812286377,39508.30141688316,26
mongodb,insert_batch,10000,10000,0.10887956619262695,91844.59811594266,26
postgresql,insert_single,100,1,0.28982973098754883,345.0301653293672,26
postgresql,insert_single,1000,1,2.759521961212158,362.3816059650912,26
postgresql,insert_single,5000,1,14.178621053695679,352.6436020163429,26
postgresql,insert_single,10000,1,28.506906032562256,350.7921900951796,26
postgresql,insert_single,50000,1,59.63632011413574,838.415246016301,26
postgresql,insert_single,100000,1,180.03713417053223,555.440967557723,26
postgresql,insert_batch,1,1,0.0032622814178466797,306.53394723379375,26
postgresql,insert_batch,10,10,0.003760814666748047,2658.998351718017,26
postgresql,insert_batch,50,50,0.0032389163970947266,15437.261685682739,26
postgresql,insert_batch,100,100,0.005328178405761719,18768.14032575622,26
postgresql,insert_batch,500,500,0.009939432144165039,50304.684689006695,26
postgresql,insert_batch,1000,1000,0.024295330047607422,41160.17350002944,26
postgresql,insert_batch,5000,5000,0.09116554260253906,54845.28317676842,26
postgresql,insert_batch,10000,10000,0.1961531639099121,50980.569472704155,26
redis,insert_single,100,1,0.05414605140686035,1846.8567402743224,26
redis,insert_single,1000,1,0.5240976810455322,1908.0412605624992,26
redis,insert_single,5000,1,2.472795009613037,2022.003433589281,26
redis,insert_single,10000,1,5.284512519836426,1892.3221323562188,26
redis,insert_single,50000,1,23.337474822998047,2142.4768694652093,26
redis,insert_single,100000,1,47.589606046676636,2101.299176587392,26
redis,insert_batch,1,1,0.0004374980926513672,2285.724250681199,26
redis,insert_batch,10,10,0.0013544559478759766,7383.03819750044,26
redis,insert_batch,50,50,0.007044076919555664,7098.1621255711625,26
redis,insert_batch,100,100,0.015136480331420898,6606.555672814907,26
redis,insert_batch,500,500,0.07626652717590332,6555.956046704285,26
redis,insert_batch,1000,1000,0.14956998825073242,6685.8332456618555,26
redis,insert_batch,5000,5000,0.8178384304046631,6113.6769979444725,26
redis,insert_batch,10000,10000,1.4810552597045898,6751.9425318367885,26
mongodb,insert_single,100,1,0.032872915267944336,3042.018001290987,27
mongodb,insert_single,1000,1,0.2935659885406494,3406.3891562204326,27
mongodb,insert_single,5000,1,1.4950282573699951,3344.4183916602597,27
mongodb,insert_single,10000,1,3.121065139770508,3204.0343767818,27
mongodb,insert_single,50000,1,15.139852046966553,3302.542181052429,27
mongodb,insert_single,100000,1,29.482985973358154,3391.7867101508464,27
mongodb,insert_batch,1,1,0.008982658386230469,111.3256184308313,27
mongodb,insert_batch,10,10,0.00099945068359375,10005.496183206107,27
mongodb,insert_batch,50,50,0.002019643783569336,24756.84098689647,27
mongodb,insert_batch,100,100,0.002516031265258789,39745.13408509429,27
mongodb,insert_batch,500,500,0.0058994293212890625,84753.9605560944,27
mongodb,insert_batch,1000,1000,0.01008152961730957,99191.2971502897,27
mongodb,insert_batch,5000,5000,0.2010948657989502,24863.886903004674,27
mongodb,insert_batch,10000,10000,0.1778116226196289,56239.2933188164,27
postgresql,insert_single,100,1,0.2899329662322998,344.90731185041614,27
postgresql,insert_single,1000,1,2.7965667247772217,357.5813125215746,27
postgresql,insert_single,5000,1,14.28191351890564,350.0931435680005,27
postgresql,insert_single,10000,1,28.52344560623169,350.5887801232275,27
postgresql,insert_single,50000,1,47.9675817489624,1042.370663204875,27
postgresql,insert_single,100000,1,192.61851954460144,519.1608794233551,27
postgresql,insert_batch,1,1,0.0028150081634521484,355.23875666977216,27
postgresql,insert_batch,10,10,0.003923654556274414,2548.644345871058,27
postgresql,insert_batch,50,50,0.0037751197814941406,13244.612858405962,27
postgresql,insert_batch,100,100,0.0029315948486328125,34111.12556929082,27
postgresql,insert_batch,500,500,0.013698577880859375,36500.13923698134,27
postgresql,insert_batch,1000,1000,0.024814128875732422,40299.621437767826,27
postgresql,insert_batch,5000,5000,0.09917354583740234,50416.670673423665,27
postgresql,insert_batch,10000,10000,0.20592069625854492,48562.38436298041,27
redis,insert_single,100,1,0.04481697082519531,2231.297612461165,27
redis,insert_single,1000,1,0.4564931392669678,2190.613426536465,27
redis,insert_single,5000,1,2.237675905227661,2234.46120518123,27
redis,insert_single,10000,1,4.493637561798096,2225.368615620743,27
redis,insert_single,50000,1,22.69062113761902,2203.553604669926,27
redis,insert_single,100000,1,45.467849016189575,2199.3562960146487,27
redis,insert_batch,1,1,0.0004031658172607422,2480.3690124186874,27
redis,insert_batch,10,10,0.0015938282012939453,6274.201944652206,27
redis,insert_batch,50,50,0.006622791290283203,7549.68680250558,27
redis,insert_batch,100,100,0.013263463973999023,7539.508547392641,27
redis,insert_batch,500,500,0.07293248176574707,6855.655914822116,27
redis,insert_batch,1000,1000,0.14395594596862793,6946.569613859008,27
redis,insert_batch,5000,5000,0.7177834510803223,6965.889214183741,27
redis,insert_batch,10000,10000,1.506786823272705,6636.6388699101035,27
mongodb,insert_single,100,1,0.026006698608398438,3845.1631829849653,28
mongodb,insert_single,1000,1,0.284318208694458,3517.1859185235935,28
mongodb,insert_single,5000,1,1.4157025814056396,3531.815273682372,28
mongodb,insert_single,10000,1,2.872328996658325,3481.4953341466194,28
mongodb,insert_single,50000,1,14.177675247192383,3526.6712721397357,28
mongodb,insert_single,100000,1,29.910574674606323,3343.2991872569623,28
mongodb,insert_batch,1,1,0.006052255630493164,165.22765412645262,28
mongodb,insert_batch,10,10,0.0010869503021240234,9200.052643123492,28
mongodb,insert_batch,50,50,0.0014955997467041016,33431.40443169138,28
mongodb,insert_batch,100,100,0.001970529556274414,50747.77979431337,28
mongodb,insert_batch,500,500,0.006629467010498047,75420.84442206718,28
mongodb,insert_batch,1000,1000,0.011754512786865234,85073.70897732343,28
mongodb,insert_batch,5000,5000,0.05342888832092285,93582.33265059326,28
mongodb,insert_batch,10000,10000,0.18125700950622559,55170.28018525558,28
postgresql,insert_single,100,1,0.28519201278686523,350.6409559749269,28
postgresql,insert_single,1000,1,2.833470582962036,352.9240804591753,28
postgresql,insert_single,5000,1,14.251996040344238,350.82805144248636,28
postgresql,insert_single,10000,1,16.962730169296265,589.5277411239321,28
postgresql,insert_single,50000,1,45.67054748535156,1094.797473492891,28
postgresql,insert_single,100000,1,200.8052418231964,497.9949681196435,28
postgresql,insert_batch,1,1,0.0027472972869873047,363.99409875900375,28
postgresql,insert_batch,10,10,0.0034799575805664062,2873.5982460948203,28
postgresql,insert_batch,50,50,0.0035316944122314453,14157.51029501114,28
postgresql,insert_batch,100,100,0.00571131706237793,17509.096222083073,28
postgresql,insert_batch,500,500,0.013977527618408203,35771.7053866885,28
postgresql,insert_batch,1000,1000,0.03299880027770996,30304.132016444255,28
postgresql,insert_batch,5000,5000,0.09907197952270508,50468.35668458721,28
postgresql,insert_batch,10000,10000,0.19388890266418457,51575.927567757666,28
redis,insert_single,100,1,0.0417020320892334,2397.964679179697,28
redis,insert_single,1000,1,0.4251229763031006,2352.2605357538437,28
redis,insert_single,5000,1,2.1303441524505615,2347.0386201442793,28
redis,insert_single,10000,1,4.35587215423584,2295.751492677664,28
redis,insert_single,50000,1,22.828612565994263,2190.2338504128156,28
redis,insert_single,100000,1,46.80104160308838,2136.7045812373767,28
redis,insert_batch,1,1,0.0004477500915527344,2233.3887113951014,28
redis,insert_batch,10,10,0.0015439987182617188,6476.6893143915995,28
redis,insert_batch,50,50,0.0066242218017578125,7548.05643535848,28
redis,insert_batch,100,100,0.013236045837402344,7555.126450032423,28
redis,insert_batch,500,500,0.06713294982910156,7447.907492115805,28
redis,insert_batch,1000,1000,0.13780784606933594,7256.480879157382,28
redis,insert_batch,5000,5000,0.6995270252227783,7147.686679306851,28
redis,insert_batch,10000,10000,1.5733561515808105,6355.840023857676,28
mongodb,insert_single,100,1,0.030005693435668945,3332.7008494036695,29
mongodb,insert_single,1000,1,0.3151872158050537,3172.71751471833,29
mongodb,insert_single,5000,1,1.5114350318908691,3308.11440419294,29
mongodb,insert_single,10000,1,2.855687141418457,3501.784160793213,29
mongodb,insert_single,50000,1,14.861750364303589,3364.3412636034386,29
mongodb,insert_single,100000,1,28.549323797225952,3502.7099314245993,29
mongodb,insert_batch,1,1,0.008130550384521484,122.99290364201514,29
mongodb,insert_batch,10,10,0.0009036064147949219,11066.765171503957,29
mongodb,insert_batch,50,50,0.0013430118560791016,37229.753239836675,29
mongodb,insert_batch,100,100,0.0023796558380126953,42022.88347860936,29
mongodb,insert_batch,500,500,0.005175590515136719,96607.33370186106,29
mongodb,insert_batch,1000,1000,0.010928869247436523,91500.7744497044,29
mongodb,insert_batch,5000,5000,0.04781937599182129,104560.12644027741,29
mongodb,insert_batch,10000,10000,0.18658733367919922,53594.2060096805,29
postgresql,insert_single,100,1,0.28530120849609375,350.5067522396042,29
postgresql,insert_single,1000,1,2.8334219455718994,352.93013861306827,29
postgresql,insert_single,5000,1,10.604871034622192,471.48145259629075,29
postgresql,insert_single,10000,1,9.34240460395813,1070.3882377095147,29
postgresql,insert_single,50000,1,45.909854888916016,1089.0907871737027,29
postgresql,insert_single,100000,1,213.09729075431824,469.2692227386921,29
postgresql,insert_batch,1,1,0.002465486526489258,405.5994584662992,29
postgresql,insert_batch,10,10,0.0071868896484375,1391.4225053078555,29
postgresql,insert_batch,50,50,0.002357006072998047,21213.352215253894,29
postgresql,insert_batch,100,100,0.007675647735595703,13028.216437845562,29
postgresql,insert_batch,500,500,0.010864496231079102,46021.461958787775,29
postgresql,insert_batch,1000,1000,0.027356863021850586,36553.89871277551,29
postgresql,insert_batch,5000,5000,0.10262155532836914,48722.70727140089,29
postgresql,insert_batch,10000,10000,0.20052385330200195,49869.37880621788,29
redis,insert_single,100,1,0.04718208312988281,2119.44859926426,29
redis,insert_single,1000,1,0.4303264617919922,2323.8171220885138,29
redis,insert_single,5000,1,2.1460232734680176,2329.8908552468292,29
redis,insert_single,10000,1,4.280050277709961,2336.4211518913503,29
redis,insert_single,50000,1,21.697603464126587,2304.4019623027384,29
redis,insert_single,100000,1,43.650983572006226,2290.899123384952,29
redis,insert_batch,1,1,0.0003674030303955078,2721.8066190785203,29
redis,insert_batch,10,10,0.001497507095336914,6677.764687151727,29
redis,insert_batch,50,50,0.006486177444458008,7708.700606506157,29
redis,insert_batch,100,100,0.012855052947998047,7779.042249341593,29
redis,insert_batch,500,500,0.06874942779541016,7272.787803964544,29
redis,insert_batch,1000,1000,0.13574504852294922,7366.751206626434,29
redis,insert_batch,5000,5000,0.6982789039611816,7160.4626341081,29
redis,insert_batch,10000,10000,1.4460854530334473,6915.2206593483415,29
mongodb,insert_single,100,1,0.032944440841674805,3035.41348540661,30
mongodb,insert_single,1000,1,0.2646901607513428,3778.00216359167,30
mongodb,insert_single,5000,1,1.325509786605835,3772.133597597377,30
mongodb,insert_single,10000,1,2.655944585800171,3765.138795991576,30
mongodb,insert_single,50000,1,13.418193578720093,3726.2839969230267,30
mongodb,insert_single,100000,1,26.888098001480103,3719.1176554955773,30
mongodb,insert_batch,1,1,0.007589101791381836,131.76789921774372,30
mongodb,insert_batch,10,10,0.0009400844573974609,10637.342125285315,30
mongodb,insert_batch,50,50,0.0013599395751953125,36766.33941093969,30
mongodb,insert_batch,100,100,0.0012352466583251953,80955.4912179116,30
mongodb,insert_batch,500,500,0.006858110427856445,72906.37928037546,30
mongodb,insert_batch,1000,1000,0.008617877960205078,116037.84651137055,30
mongodb,insert_batch,5000,5000,0.060346364974975586,82855.03198201579,30
mongodb,insert_batch,10000,10000,0.20285964012145996,49295.16780179937,30
postgresql,insert_single,100,1,0.09100508689880371,1098.83967377778,30
postgresql,insert_single,1000,1,0.876154899597168,1141.350690910674,30
postgresql,insert_single,5000,1,4.5633440017700195,1095.6877233144403,30
postgresql,insert_single,10000,1,8.422172546386719,1187.3420955131346,30
postgresql,insert_single,50000,1,39.600024938583374,1262.6254674724623,30
postgresql,insert_single,100000,1,216.85834312438965,461.13051755006785,30
postgresql,insert_batch,1,1,0.0025565624237060547,391.15023780658396,30
postgresql,insert_batch,10,10,0.00439906120300293,2273.212292016693,30
postgresql,insert_batch,50,50,0.0037488937377929688,13337.267870770796,30
postgresql,insert_batch,100,100,0.005465269088745117,18297.36072939842,30
postgresql,insert_batch,500,500,0.013341665267944336,37476.58106828213,30
postgresql,insert_batch,1000,1000,0.023962974548339844,41731.04628487285,30
postgresql,insert_batch,5000,5000,0.10586333274841309,47230.706517455175,30
postgresql,insert_batch,10000,10000,0.21094274520874023,47406.228595842025,30
redis,insert_single,100,1,0.049779415130615234,2008.8624934144354,30
redis,insert_single,1000,1,0.43113017082214355,2319.4850828765943,30
redis,insert_single,5000,1,2.163922071456909,2310.6192528613738,30
redis,insert_single,10000,1,4.39479923248291,2275.416798584982,30
redis,insert_single,50000,1,21.983249187469482,2274.4590471412275,30
redis,insert_single,100000,1,45.53835391998291,2195.9511355134537,30
redis,insert_batch,1,1,0.00042557716369628906,2349.7501400560222,30
redis,insert_batch,10,10,0.0013813972473144531,7239.047290300311,30
redis,insert_batch,50,50,0.006085395812988281,8216.392414981978,30
redis,insert_batch,100,100,0.014287233352661133,6999.255736337088,30
redis,insert_batch,500,500,0.07113385200500488,7029.002168543054,30
redis,insert_batch,1000,1000,0.14198780059814453,7042.858582127145,30
redis,insert_batch,5000,5000,0.6925637722015381,7219.551759263817,30
redis,insert_batch,10000,10000,1.4828073978424072,6743.964195586513,30
